Inf,Rec,Name,Transfer Value,Pts/Gm,Division,Aer A/90,Hdrs W/90,K Hdrs/90,Cr C/A,Crs A/90,Cr C/90,OP-Cr %,OP-Crs C,Dist/90,Drb/90,Ps A/90,Ps C/90,Sprints/90,Poss Lost/90,Pr passes/90,Shots Outside Box/90,Shot/90,ShT/90,Blk/90,Clr/90,Int/90,Poss Won/90,OP-KP/90,Pres C/90,Shts Blckd/90,Hdr %,Tck/90,Tck R,Pas %,Pres A/90,K Tck/90,Ch C/90,K Ps/90,Asts/90
,- - -,Scott Berry,£0,1.44,JD Cymru Premier,-,-,0,-,-,-,-,-,3.6km,-,22.2,11.78,0,7.13,0,-,-,-,-,8.56,-,5.58,0,0,-,-,0.03,25%,53%,0,0,-,-,-
,- - -,Nino Verhoeven,£45K - £140K,1.92,JD Cymru Premier,-,-,0,-,-,-,-,-,5.4km,-,22.09,15.55,0,6.28,0,-,-,-,-,7.12,-,3.98,0.03,0,-,-,0,0%,70%,0,0,-,0.03,-
,- - -,Rhod Turner,£0,0.41,JD Cymru Premier,-,-,0,-,-,-,-,-,4.7km,-,21.74,9.89,0,7.41,0,-,-,-,-,8.04,-,2.22,0,0,-,-,0,0%,45%,0,0,-,-,-
,- - -,Ramsleii Boelijn,£1K - £3K,1.46,JD Cymru Premier,-,-,0,-,-,-,-,-,4.9km,-,22.63,9.66,0,6.61,0,-,-,-,-,8.44,-,5.82,0.03,0,-,-,0.03,14%,43%,0,0,-,0.03,-
,- - -,Danny Searle,£0,0.29,JD Cymru Premier,-,-,0,-,-,-,-,-,5.7km,-,22.77,8.99,0,7.65,0,-,-,-,-,8.99,-,3.03,0.08,0,-,-,0,0%,39%,0,0,-,0.08,-
,- - -,Marko Slocombe,£28K - £85K,0.96,JD Cymru Premier,-,-,0,-,-,-,-,-,4.8km,-,22.19,11.88,0,6.29,0,-,-,-,-,9.24,-,3.97,0,0,-,-,0,0%,54%,0,0,-,-,-
,- - -,Cian Carroll,£1K - £3K,0.75,JD Cymru Premier,-,-,0,-,-,-,-,-,5.0km,-,20.09,10.37,0,5.39,0,-,-,-,-,8.1,-,3.72,0.09,0,-,-,0,0%,52%,0,0,-,0.09,-
,- - -,Jonny Holmes,£7K - £20K,1.77,JD Cymru Premier,-,-,0,-,-,-,-,-,5.5km,-,20.87,10.43,0,5.74,0,-,-,-,-,8.74,-,4.26,0.04,0,-,-,0,0%,50%,0,0,-,0.04,-
,- - -,Ibrahim Ayew,£0,1.89,JD Cymru Premier,-,-,0,-,-,-,-,-,4.7km,-,21.21,12,0,6.37,0,-,-,-,-,8.63,-,3.89,0.14,0,-,-,0.03,25%,57%,0,0,-,0.14,-
Trn,- - -,Adam Thomas,£0,0.93,JD Cymru Premier,-,-,0,-,-,-,-,-,4.7km,-,22.58,12.68,0,6.87,0,-,-,-,-,8.75,-,2.62,0,0,-,-,0.08,50%,56%,0,0,-,-,-
Yth,- - -,Mike Richards,£0,2.07,JD Cymru Premier,-,-,0,-,-,-,-,-,4.4km,-,22.12,10.56,0,8.21,0,-,-,-,-,8.49,-,1.99,0,0,-,-,0.09,100%,48%,0,0,-,-,-
Trn,- - -,Ibrahim Ampofo,£0,1.39,JD Cymru Premier,-,-,0,-,-,-,-,-,5.0km,-,21.98,13.67,0,7.14,0,-,-,-,-,9.04,-,2.52,0.04,0,-,-,0,0%,62%,0,0,-,0.07,-
,- - -,Jordan Doolan-Nicholas,£20K - £60K,1.56,JD Cymru Premier,-,-,0,-,-,-,-,-,5.8km,-,21.41,11.63,0,7.76,0,-,-,-,-,7.84,-,4.52,0.08,0,-,-,0,0%,54%,0,0,-,0.08,-
,- - -,John Williams,£1.5K - £5K,2.12,JD Cymru Premier,-,-,0,-,-,-,-,-,4.9km,-,21.58,8.36,0,8.72,0,-,-,-,-,8.54,-,2.95,0,0,-,-,0.06,100%,39%,0,0,-,-,-
Int,- - -,Yusupha Jarju,£4.5M - £13.5M,1.88,Ukrainian Premier League,-,-,0,-,-,-,-,-,6.2km,-,24.24,21.84,0,5.26,0,-,-,-,-,1.06,-,4.28,0,0,-,-,0.02,33%,90%,0,0,-,-,-
,- - -,Brice Onana,£700K - £2.2M,1.1,Ukrainian Premier League,-,-,0,-,-,-,-,-,5.9km,-,21.24,12.71,0,5.47,0,-,-,-,-,6.49,-,3.92,0,0,-,-,0,0%,60%,0,0,-,-,-
Wnt,- - -,Vitaliy Kozlovskyi,£24K - £75K,1,Ukrainian Premier League,-,-,0,-,-,-,-,-,5.9km,-,23.68,16.46,0,8.28,0,-,-,-,-,8.09,-,2.21,0,0,-,-,-,-,70%,0,0,-,-,-
Unh,- - -,Adel Zajec,£1.2M - £3.6M,1.06,Ukrainian Premier League,-,-,0,-,-,-,-,-,5.6km,-,21.92,14.4,0,6.34,0,-,-,-,-,7.99,-,4.96,0,0,-,-,0.03,20%,66%,0,0,-,-,-
,- - -,Yevhen Bratkevych,£200K - £600K,1.3,Ukrainian Premier League,-,-,0,-,-,-,-,-,5.3km,-,21.56,12.3,0,6.53,0,-,-,-,-,7.25,-,4.38,0,0,-,-,0.03,33%,57%,0,0,-,-,-
,- - -,Serhiy Martyniuk,£1M - £3M,1.4,Ukrainian Premier League,-,-,0,-,-,-,-,-,5.9km,-,22.72,13.77,0,7.78,0,-,-,-,-,7.41,-,2.35,0,0,-,-,-,-,61%,0,0,-,-,-
Trn,- - -,David Nešický,£65K - £190K,1.57,Ukrainian Premier League,-,-,0,-,-,-,-,-,5.8km,-,23.28,16.63,0,5.96,0,-,-,-,-,7.29,-,4.06,0,0,-,-,0.04,25%,71%,0,0,-,-,-
Wnt,- - -,Chrysostomos Koulouris,£3K - £8K,1.17,Ukrainian Premier League,-,-,0,-,-,-,-,-,5.4km,-,21.23,12.63,0,7.07,0,-,-,-,-,7.33,-,4.23,0,0,-,-,0,0%,59%,0,0,-,-,-
,- - -,Bohdan Mykhayliv,Not for Sale,1.53,Ukrainian Premier League,-,-,0,-,-,-,-,-,5.4km,-,23.06,12.91,0,5.04,0,-,-,-,-,7.47,-,4.84,0.03,0,-,-,0,0%,56%,0,0,-,0.03,-
,- - -,Youcef Yahi,£140K - £425K,0.73,Ukrainian Premier League,-,-,0,-,-,-,-,-,5.1km,-,22.12,10.58,0,7.44,0,-,-,-,-,8.37,-,3.52,0.03,0,-,-,0.03,33%,48%,0,0,-,0.03,-
,- - -,Artem Chernenko,Not for Sale,1.41,Ukrainian Premier League,-,-,0,-,-,-,-,-,5.4km,-,22.22,14.17,0,6.23,0,-,-,-,-,7.76,-,2.83,0,0,-,-,0.03,33%,64%,0,0,-,-,-
,- - -,Stanislav Boiko,£6.8M - £20M,1.17,Ukrainian Premier League,-,-,0,-,-,-,-,-,6.7km,-,26.29,20.83,0,3.69,0,-,-,-,-,5.28,-,5.83,0,0,-,-,0,0%,79%,0,0,-,-,-
,- - -,Oleksiy Tytov,£9.2M - £28M,2.08,Ukrainian Premier League,-,-,0,-,-,-,-,-,6.1km,-,25.62,23.12,0,4.89,0,-,-,-,-,0.83,-,4.54,0,0,-,-,0.02,20%,90%,0,0,-,-,-
,- - -,Dmitry Priyma,£9K - £28K,1.36,Ukrainian Premier League,-,-,0,-,-,-,-,-,4.5km,-,24.12,15.71,0,8.5,0,-,-,-,-,9.34,-,3.17,0,0,-,-,0,0%,65%,0,0,-,-,-
,- - -,Cemali Akbaşlı,£120K - £350K,1.09,Turkish Super League,-,-,0,-,-,-,-,-,5.7km,-,21.36,14.36,0,6.27,0,-,-,-,-,6.21,-,3.33,0,0,-,-,0,0%,67%,0,0,-,-,-
,- - -,Okan Can,£100K - £300K,1,Turkish Super League,-,-,0,-,-,-,-,-,5.4km,-,25.17,14.55,0,6.42,0,-,-,-,-,7.95,-,4.06,0,0,-,-,0.03,14%,58%,0,0,-,-,-
,- - -,Diamantis Koliousis,£150K - £425K,0.94,Turkish Super League,-,-,0,-,-,-,-,-,5.4km,-,24.25,16.32,0,7.05,0,-,-,-,-,6.51,-,3.09,0,0,-,-,0,0%,67%,0,0,-,-,-
,- - -,Namık Çaylı,Not for Sale,0.75,Turkish Super League,-,-,0,-,-,-,-,-,5.8km,-,22,12.74,0,8.99,0,-,-,-,-,8.73,-,3.49,0,0,-,-,0,0%,58%,0,0,-,-,-
,- - -,Abdülkadir Özbey,£4.8M - £14.5M,1.9,Turkish Super League,-,-,0,-,-,-,-,-,5.8km,-,23.42,18.07,0,5.44,0,-,-,-,-,0.87,-,5.18,0,0,-,-,0.04,40%,77%,0,0,-,-,-
Wnt,- - -,Çağtay Bala,£1.4M - £4.2M,2.15,Turkish Super League,-,-,0,-,-,-,-,-,5.6km,-,24.8,17.33,0,5.89,0,-,-,-,-,7.7,-,5.32,0.03,0,-,-,0.03,50%,70%,0,0,-,0.03,-
Int,- - -,Kim Joon-Ho,£2.5K - £8K,1.42,Turkish Super League,-,-,0,-,-,-,-,-,5.8km,-,22.09,14.7,0,6.67,0,-,-,-,-,6.97,-,3.06,0,0,-,-,0.03,50%,67%,0,0,-,-,-
,- - -,Jérôme Francillonnes,Not for Sale,1.5,Turkish Super League,-,-,0,-,-,-,-,-,5.5km,-,22.18,13.97,0,4.63,0,-,-,-,-,7.36,-,6.34,0.03,0,-,-,0.06,50%,63%,0,0,-,0.03,-
Wnt,- - -,Baba Traoré,£325K - £1M,0.77,Turkish Super League,-,-,0,-,-,-,-,-,5.5km,-,21.96,12.71,0,8.29,0,-,-,-,-,7.33,-,3.93,0.03,0,-,-,0,0%,58%,0,0,-,0.03,-
,- - -,Friday Amadi,£1.3M - £4M,1.48,Turkish Super League,-,-,0,-,-,-,-,-,5.9km,-,21.06,14.95,0,6.31,0,-,-,-,-,7.31,-,3.67,0,0,-,-,-,-,71%,0,0,-,-,-
,- - -,Paweł Grobelny,£600K - £1.8M,1.36,Turkish Super League,-,-,0,-,-,-,-,-,5.3km,-,21.27,14.03,0,6.13,0,-,-,-,-,7.95,-,3.74,0,0,-,-,0.03,17%,66%,0,0,-,-,-
,- - -,Sami Bankoğlu,£1.1M - £3.3M,1.83,Turkish Super League,-,-,0,-,-,-,-,-,5.8km,-,26.22,18.36,0,6.93,0,-,-,-,-,7.63,-,4.71,0.02,0,-,-,0.02,100%,70%,0,0,-,0.02,-
,- - -,Álvaro Carnero,£0,0.82,Turkish Super League,-,-,0,-,-,-,-,-,5.4km,-,21.48,14.28,0,6.95,0,-,-,-,-,7.24,-,4.49,0,0,-,-,0,0%,66%,0,0,-,-,-
,- - -,Biray Yilmaz,£30K - £90K,1.24,Turkish Super League,-,-,0,-,-,-,-,-,5.6km,-,22.25,16.37,0,6.29,0,-,-,-,-,6.84,-,4.34,0,0,-,-,0.09,75%,74%,0,0,-,-,-
,- - -,Nejc Balažic,£900K - £2.7M,1.56,Turkish Super League,-,-,0,-,-,-,-,-,5.8km,-,26.65,16.59,0,5.96,0,-,-,-,-,7.63,-,5.1,0.03,0,-,-,0.06,40%,62%,0,0,-,0.03,-
,- - -,Ali Çakır,£200K - £600K,1.92,Turkish Super League,-,-,0,-,-,-,-,-,5.8km,-,21.7,14.55,0,7.57,0,-,-,-,-,6.59,-,5.62,0.02,0,-,-,0,0%,67%,0,0,-,0.02,-
Int,- - -,Mohammad Hassan,£18K - £55K,1.33,Turkish Super League,-,-,0,-,-,-,-,-,4.3km,-,21.39,14.66,0,8.69,0,-,-,-,-,10.02,-,2.76,0.04,0,-,-,0,0%,69%,0,0,-,0.04,-
Int,- - -,Edwin Schubert,£95K - £275K,1.35,Turkish Super League,-,-,0,-,-,-,-,-,5.6km,-,25.05,17.14,0,6.95,0,-,-,-,-,6.9,-,4.27,0.03,0,-,-,0,0%,68%,0,0,-,0.03,-
,- - -,Stephen Onuoha,£110K - £325K,0.86,Turkish Super League,-,-,0,-,-,-,-,-,5.4km,-,23.99,16.35,0,7.94,0,-,-,-,-,7.14,-,3.97,0,0,-,-,0.03,50%,68%,0,0,-,-,-
,- - -,Enis Styger,£1.1M - £3.2M,2.07,Swiss Super League,-,-,0,-,-,-,-,-,5.5km,-,23.46,15.92,0,6.84,0,-,-,-,-,6.45,-,3.51,0,0,-,-,0.02,50%,68%,0,0,-,-,-
,- - -,Anders Andersson,£16K - £50K,0.94,Swiss Super League,-,-,0,-,-,-,-,-,5.1km,-,23.9,15.03,0,7.21,0,-,-,-,-,7.27,-,2.7,0.07,0,-,-,0,0%,63%,0,0,-,0.07,-
Int,- - -,Zoran Pasic,Not for Sale,1.5,Swiss Super League,-,-,0,-,-,-,-,-,5.8km,-,22.31,16.1,0,6.18,0,-,-,-,-,7.54,-,5.26,0,0,-,-,0.02,33%,72%,0,0,-,-,-
,- - -,Oliver Lachenal,£30K - £95K,1.33,Swiss Super League,-,-,0,-,-,-,-,-,5.8km,-,20.33,9.42,0,7.33,0,-,-,-,-,9.17,-,2.42,0,0,-,-,0.08,100%,46%,0,0,-,-,-
,- - -,Timothy Okalo,Not for Sale,1.36,Swiss Super League,-,-,0,-,-,-,-,-,5.8km,-,22.5,15.58,0,7.69,0,-,-,-,-,7.31,-,2.64,0.03,0,-,-,0.06,67%,69%,0,0,-,0.03,-
,- - -,Leonardo Künzler,£700K - £2.1M,1.26,Swiss Super League,-,-,0,-,-,-,-,-,5.5km,-,22.05,12.9,0,7.36,0,-,-,-,-,6.95,-,4.02,0,0,-,-,0,0%,59%,0,0,-,-,-
Ret,- - -,Giovanni Nessi,£1K - £3.5K,0.83,Swiss Super League,-,-,0,-,-,-,-,-,5.4km,-,22.15,12.14,0,7.55,0,-,-,-,-,9.25,-,3.78,0,0,-,-,0,0%,55%,0,0,-,-,-
,- - -,Jean-Paul Rolli,£500K - £1.6M,0.91,Swiss Super League,-,-,0,-,-,-,-,-,5.3km,-,22.57,13.3,0,6.39,0,-,-,-,-,7.76,-,2.84,0,0,-,-,0.03,33%,59%,0,0,-,-,-
,- - -,Ivan Niederhäuser,£2.6M - £7.8M,1.64,Swiss Super League,-,-,0,-,-,-,-,-,5.5km,-,26.09,17.59,0,5.93,0,-,-,-,-,7.21,-,3.79,0,0,-,-,0,0%,67%,0,0,-,-,-
,- - -,Nikola Zubak,£210K - £650K,0.92,Swiss Super League,-,-,0,-,-,-,-,-,5.6km,-,22.15,14.54,0,6.83,0,-,-,-,-,7.27,-,3.28,0,0,-,-,0,0%,66%,0,0,-,-,-
,- - -,Yago Ventosa,£1.1M - £3.4M,1.59,Swiss Super League,-,-,0,-,-,-,-,-,5.8km,-,24.29,17.93,0,4.81,0,-,-,-,-,2.64,-,4.34,0,0,-,-,0.03,20%,74%,0,0,-,-,-
Int,- - -,Antonio Spinelli,Not for Sale,1.25,Swiss Super League,-,-,0,-,-,-,-,-,5.5km,-,22.23,14.28,0,5.53,0,-,-,-,-,7.36,-,3.92,0.02,0,-,-,0.02,33%,64%,0,0,-,0.02,-
,- - -,Romain Costes,Not for Sale,1.45,Swiss Super League,-,-,0,-,-,-,-,-,5.6km,-,25.94,15.9,0,6.59,0,-,-,-,-,6.71,-,3.43,0,0,-,-,0.09,67%,61%,0,0,-,-,-
,- - -,Morteza Abbaszadeh,£950K - £2.9M,1.53,Swedish Premier Division,-,-,0,-,-,-,-,-,5.2km,-,25.53,17.06,0,6.29,0,-,-,-,-,7.76,-,4.06,0,0,-,-,0,0%,67%,0,0,-,-,-
,- - -,Olle Berglind,£26K - £75K,1.56,Swedish Premier Division,-,-,0,-,-,-,-,-,5.5km,-,22.06,12.75,0,7.94,0,-,-,-,-,7.38,-,3.88,0,0,-,-,0,0%,58%,0,0,-,-,-
,- - -,Radek Dedek,£110K - £350K,0.71,Swedish Premier Division,-,-,0,-,-,-,-,-,5.3km,-,22.79,15.36,0,8.57,0,-,-,-,-,6.29,-,2.71,0,0,-,-,-,-,67%,0,0,-,-,-
,- - -,Leif Johansson,Not for Sale,1.47,Swedish Premier Division,-,-,0,-,-,-,-,-,4.9km,-,21.65,15.18,0,7,0,-,-,-,-,6.94,-,4.24,0,0,-,-,0.06,33%,70%,0,0,-,-,-
,- - -,Andrea Basile,£850K - £2.6M,1.15,Swedish Premier Division,-,-,0,-,-,-,-,-,5.5km,-,25,11.77,0,6.23,0,-,-,-,-,8,-,3,0,0,-,-,0.08,100%,47%,0,0,-,-,-
Int,- - -,Jerzy Przybysz,Not for Sale,2.05,Swedish Premier Division,-,-,0,-,-,-,-,-,5.4km,-,22.49,15.09,0,5.56,0,-,-,-,-,5.96,-,4.96,0,0,-,-,0,0%,67%,0,0,-,-,-
Wnt,- - -,Ardian Shehu,£275K - £850K,1.23,Swedish Premier Division,-,-,0,-,-,-,-,-,5.8km,-,25.75,18.93,0,5.47,0,-,-,-,-,6.55,-,4.31,0,0,-,-,0.09,50%,74%,0,0,-,-,-
Inj,- - -,Moustapha Konan,£1.1M - £3.4M,1.2,Swedish Premier Division,-,-,0,-,-,-,-,-,6.0km,-,24.63,18.47,0,6.16,0,-,-,-,-,1.12,-,4.48,0,0,-,-,-,-,75%,0,0,-,-,-
Res,- - -,Calle Rodlert,£110K - £325K,1.4,Swedish Premier Division,-,-,0,-,-,-,-,-,4.9km,-,20.66,9.81,0,8.85,0,-,-,-,-,8.41,-,3.02,0,0,-,-,0.07,50%,48%,0,0,-,-,-
,- - -,Emil Steenberg,£140K - £425K,1,Swedish Premier Division,-,-,0,-,-,-,-,-,5.8km,-,21.91,13.89,0,7.95,0,-,-,-,-,6.39,-,3.94,0,0,-,-,0.07,100%,63%,0,0,-,-,-
Wnt,- - -,Sixten Björkén,£130K - £375K,1.86,Swedish Premier Division,-,-,0,-,-,-,-,-,5.7km,-,21.43,15.71,0,5.14,0,-,-,-,-,6.5,-,5.07,0,0,-,-,0.07,100%,73%,0,0,-,-,-
,- - -,Amjad Hussain,£275K - £850K,1.29,Swedish Premier Division,-,-,0,-,-,-,-,-,5.3km,-,20.79,14.71,0,5.14,0,-,-,-,-,6.21,-,4.14,0,0,-,-,0,0%,71%,0,0,-,-,-
,- - -,Mateusz Ożóg,£90K - £275K,0.58,Swedish Premier Division,-,-,0,-,-,-,-,-,4.9km,-,22.58,13,0,7.67,0,-,-,-,-,8.25,-,3.5,0.17,0,-,-,0.08,50%,58%,0,0,-,0.17,-
,- - -,Jacob Sjögren,Not for Sale,2.06,Swedish Premier Division,-,-,0,-,-,-,-,-,5.3km,-,21.47,12.35,0,5.82,0,-,-,-,-,7.82,-,4.18,0,0,-,-,0,0%,58%,0,0,-,-,-
,- - -,Husein Cengic,£550K - £1.6M,1.33,Swedish Premier Division,-,-,0,-,-,-,-,-,5.2km,-,21.45,13,0,8.38,0,-,-,-,-,8.67,-,4.26,0,0,-,-,0.07,50%,61%,0,0,-,-,-
Wnt,- - -,Jofré Marimón,£130K - £400K,0.55,Spanish First Division,-,-,0,-,-,-,-,-,6.0km,-,24.05,15.13,0,5.06,0,-,-,-,-,7.17,-,2.95,0,0,-,-,0.03,14%,63%,0,0,-,-,-
Int,- - -,Szymon Zniszczoł,£26M - £79M,1.83,Spanish First Division,-,-,0,-,-,-,-,-,6.0km,-,23.71,20.6,0,5.75,0,-,-,-,-,1.01,-,5.61,0,0,-,-,0,0%,87%,0,0,-,-,-
Int,- - -,Viktor Tsiftsis,£2.4M - £7.2M,1.43,Spanish First Division,-,-,0,-,-,-,-,-,5.9km,-,32.01,27.62,0,6.87,0,-,-,-,-,5.31,-,2.97,0,0,-,-,-,-,86%,0,0,-,-,-
Wnt,- - -,Gustavo Márquez,£950K - £2.9M,1.31,Spanish First Division,-,-,0,-,-,-,-,-,6.1km,-,29.62,26.7,0,6.44,0,-,-,-,-,1.23,-,3.8,0,0,-,-,0.03,20%,90%,0,0,-,-,-
Int,- - -,Oumar Diallo,£170K - £500K,1.83,Spanish First Division,-,-,0,-,-,-,-,-,5.7km,-,27.31,21.53,0,6.39,0,-,-,-,-,4.26,-,5.05,0.02,0,-,-,0.02,20%,79%,0,0,-,0.02,-
Wnt,- - -,Mikel Iruarrizaga,£325K - £950K,0.6,Spanish First Division,-,-,0,-,-,-,-,-,5.2km,-,25.85,18.62,0,7.79,0,-,-,-,-,6.42,-,3.97,0.03,0,-,-,0,0%,72%,0,0,-,0.03,-
,- - -,Bernardo Barceló,£80K - £240K,1.18,Spanish First Division,-,-,0,-,-,-,-,-,5.7km,-,22.55,14.55,0,7.27,0,-,-,-,-,7.82,-,3.55,0,0,-,-,-,-,65%,0,0,-,-,-
,- - -,Paco Ferrer,£3.8M - £11.5M,1.12,Spanish First Division,-,-,0,-,-,-,-,-,5.7km,-,26.13,17.54,0,7.98,0,-,-,-,-,6.77,-,2.89,0,0,-,-,0,0%,67%,0,0,-,-,-
,- - -,Carlos Alberto Ríos,£5.4M - £16M,1.42,Spanish First Division,-,-,0,-,-,-,-,-,5.9km,-,32.11,26.84,0,3.51,0,-,-,-,-,0.89,-,7.05,0,0,-,-,0.02,50%,84%,0,0,-,-,-
,- - -,Marcos Navarro,£1.6M - £4.8M,0.94,Spanish First Division,-,-,0,-,-,-,-,-,5.9km,-,25.05,20.91,0,5.65,0,-,-,-,-,2.02,-,4.85,0,0,-,-,0,0%,83%,0,0,-,-,-
,- - -,Federico Cuenca,£275K - £800K,2.25,Spanish First Division,-,-,0,-,-,-,-,-,5.3km,-,24.41,16.52,0,5.37,0,-,-,-,-,9.23,-,4.28,0,0,-,-,-,-,68%,0,0,-,-,-
Int,- - -,James Nkem,£9.4M - £28M,1.11,Spanish First Division,-,-,0,-,-,-,-,-,6.2km,-,29.5,26.28,0,5.06,0,-,-,-,-,1.67,-,3.39,0,0,-,-,0.03,33%,89%,0,0,-,-,-
IPR,- - -,Facundo Reyes,£20M - £60M,2.08,Spanish First Division,-,-,0,-,-,-,-,-,6.4km,-,23.12,16.93,0,12.33,0,-,-,-,-,4.09,-,3.12,0,0,-,-,0.05,50%,73%,0,0,-,-,-
Wnt,- - -,Daniel,£1.6M - £4.7M,0.68,Spanish First Division,-,-,0,-,-,-,-,-,6.3km,-,23.89,19.16,0,5.39,0,-,-,-,-,5.92,-,3.37,0,0,-,-,0.03,17%,80%,0,0,-,-,-
Ret,- - -,Gregor Romih,£3K - £9K,1,Spanish First Division,-,-,0,-,-,-,-,-,5.8km,-,26.14,17.17,0,7.22,0,-,-,-,-,7.25,-,3.29,0,0,-,-,0,0%,66%,0,0,-,-,-
Int,- - -,Marinko Kovačević,£31M - £93M,2.42,Spanish First Division,-,-,0,-,-,-,-,-,6.6km,-,29.27,27.59,0,6.45,0,-,-,-,-,0.63,-,4.23,0,0,-,-,0.03,100%,94%,0,0,-,-,-
,- - -,Mikel Pérez,£2.4M - £7.2M,1.39,Spanish First Division,-,-,0,-,-,-,-,-,5.7km,-,22.35,14.75,0,7.4,0,-,-,-,-,6.69,-,3.91,0,0,-,-,0.03,33%,66%,0,0,-,-,-
,- - -,Darío,£9.6M - £29M,1.14,Spanish First Division,-,-,0,-,-,-,-,-,6.2km,-,28.79,24.68,0,5.32,0,-,-,-,-,1.21,-,4.25,0,0,-,-,0.04,17%,86%,0,0,-,-,-
Int,- - -,Djibril Niaré,Not for Sale,1.8,Spanish First Division,-,-,0,-,-,-,-,-,6.3km,-,25.42,22.25,0,5.12,0,-,-,-,-,0.85,-,5.24,0,0,-,-,0,0%,88%,0,0,-,-,-
Int,- - -,Tarik Aygün,Not for Sale,1.86,Spanish First Division,-,-,0,-,-,-,-,-,6.1km,-,23.57,21.43,0,4.88,0,-,-,-,-,0.55,-,5.76,0,0,-,-,0,0%,91%,0,0,-,-,-
,- - -,Jordan Vose,£7.2M - £21M,2.25,Spanish First Division,-,-,0,-,-,-,-,-,6.0km,-,31.83,29.15,0,4.49,0,-,-,-,-,0.83,-,5.36,0,0,-,-,0.02,17%,92%,0,0,-,-,-
Int,- - -,Björn Hilmarsson,£475K - £1.4M,1.2,Spanish First Division,-,-,0,-,-,-,-,-,5.7km,-,22.72,14.8,0,6.3,0,-,-,-,-,7.71,-,4.1,0.07,0,-,-,0.03,50%,65%,0,0,-,0.07,-
,- - -,Amadou Guèye,£1.7M - £5.2M,0.78,Spanish First Division,-,-,0,-,-,-,-,-,6.3km,-,22.78,18.11,0,5.62,0,-,-,-,-,0.81,-,4.92,0,0,-,-,0.08,38%,79%,0,0,-,-,-
,- - -,David,£1.1M - £3.3M,1.59,Spanish First Division,-,-,0,-,-,-,-,-,6.1km,-,23.77,20.82,0,8.16,0,-,-,-,-,1.11,-,3.57,0,0,-,-,0,0%,88%,0,0,-,-,-
,- - -,Dušan Pal,£450K - £1.4M,1.2,Slovenian First League,-,-,0,-,-,-,-,-,5.7km,-,21.65,14.5,0,6.37,0,-,-,-,-,6.98,-,4.15,0,0,-,-,0,0%,67%,0,0,-,-,-
Int,- - -,Nik Simčič,£475K - £1.4M,1.64,Slovenian First League,-,-,0,-,-,-,-,-,4.3km,-,22.41,13.56,0,7.53,0,-,-,-,-,8,-,2.73,0.09,0,-,-,0,0%,61%,0,0,-,0.09,-
,- - -,Şeyhmus Perktaş,£550K - £1.6M,1.48,Slovenian First League,-,-,0,-,-,-,-,-,5.5km,-,26.17,17.16,0,6.07,0,-,-,-,-,6.97,-,4.42,0.06,0,-,-,0,0%,66%,0,0,-,0.06,-
Int,- - -,Dejan Žinko,£350K - £1.1M,1.33,Slovenian First League,-,-,0,-,-,-,-,-,5.4km,-,22.07,14.13,0,5.23,0,-,-,-,-,7.2,-,4.87,0,0,-,-,0,0%,64%,0,0,-,-,-
Int,- - -,Boban Ožbolt,£120K - £375K,1.21,Slovenian First League,-,-,0,-,-,-,-,-,5.5km,-,22.94,13.16,0,6.61,0,-,-,-,-,6.92,-,3.85,0,0,-,-,0,0%,57%,0,0,-,-,-
,- - -,Marcin Kostorz,£130K - £400K,1.26,Slovenian First League,-,-,0,-,-,-,-,-,5.5km,-,22.2,12.07,0,8.63,0,-,-,-,-,6.01,-,2.7,0,0,-,-,0,0%,54%,0,0,-,-,-
,- - -,David Martínez,£180K - £550K,1.19,Slovenian First League,-,-,0,-,-,-,-,-,5.6km,-,22.69,14.43,0,5.37,0,-,-,-,-,7.39,-,5.79,0.03,0,-,-,0,0%,64%,0,0,-,0.03,-
Int,- - -,Uroš Benko,£190K - £600K,0.89,Slovenian First League,-,-,0,-,-,-,-,-,5.9km,-,22.29,14.66,0,6.59,0,-,-,-,-,6.94,-,4.86,0.03,0,-,-,0,0%,66%,0,0,-,0.03,-
,- - -,Alen Lešnik,£50K - £160K,1.08,Slovenian First League,-,-,0,-,-,-,-,-,5.7km,-,22.39,14.05,0,7.37,0,-,-,-,-,7.98,-,3.87,0.03,0,-,-,0,0%,63%,0,0,-,0.03,-
,- - -,Marko Perger,£375K - £1.1M,1.7,Slovenian First League,-,-,0,-,-,-,-,-,5.5km,-,21.68,12.8,0,7.38,0,-,-,-,-,6.52,-,3,0,0,-,-,0.02,50%,59%,0,0,-,-,-
Wnt,- - -,Gianluca Morini,£150K - £450K,1.35,Slovak First Division,-,-,0,-,-,-,-,-,5.6km,-,22.32,15.3,0,7.47,0,-,-,-,-,6.11,-,3.59,0,0,-,-,0,0%,69%,0,0,-,-,-
,- - -,Artem Levin,Not for Sale,1.64,Slovak First Division,-,-,0,-,-,-,-,-,5.2km,-,22.03,13.43,0,5.78,0,-,-,-,-,7.37,-,4.55,0,0,-,-,-,-,61%,0,0,-,-,-
Wnt,- - -,Pavol Marcin,£30K - £90K,0.76,Slovak First Division,-,-,0,-,-,-,-,-,5.6km,-,21.66,13,0,7,0,-,-,-,-,8.09,-,4.03,0,0,-,-,0,0%,60%,0,0,-,-,-
,- - -,Domenico Frasca,£110K - £325K,1.55,Slovak First Division,-,-,0,-,-,-,-,-,5.7km,-,22.16,13.77,0,4.95,0,-,-,-,-,6.04,-,4.8,0.03,0,-,-,0,0%,62%,0,0,-,0.03,-
Wnt,- - -,Adem Chaïbi,£28K - £85K,0.94,Slovak First Division,-,-,0,-,-,-,-,-,5.3km,-,23.3,10.68,0,6.98,0,-,-,-,-,8.68,-,3.22,0,0,-,-,0.03,25%,46%,0,0,-,-,-
Wnt,- - -,Martin Petras,£3.5K - £10K,1.44,Slovak First Division,-,-,0,-,-,-,-,-,5.1km,-,22.21,11.89,0,6.98,0,-,-,-,-,9.2,-,3.05,0,0,-,-,0.03,100%,54%,0,0,-,-,-
Ret,- - -,Viktor Svec,£500 - £2K,1.44,Slovak First Division,-,-,0,-,-,-,-,-,4.6km,-,20.57,10.52,0,7.95,0,-,-,-,-,8.53,-,3.56,0.04,0,-,-,0.08,40%,51%,0,0,-,0.04,-
,- - -,Sani Effiong,£900K - £2.8M,2.07,Slovak First Division,-,-,0,-,-,-,-,-,5.8km,-,26.54,16.95,0,4.49,0,-,-,-,-,7.13,-,5.18,0,0,-,-,0,0%,64%,0,0,-,-,-
Wnt,- - -,Lukáš Hlavac,£200K - £600K,1.5,Slovak First Division,-,-,0,-,-,-,-,-,5.6km,-,22.01,15.16,0,5.36,0,-,-,-,-,7.29,-,3.79,0,0,-,-,0.05,29%,69%,0,0,-,-,-
Int,- - -,Mostafa Norouzi,£170K - £500K,1.5,Slovak First Division,-,-,0,-,-,-,-,-,5.4km,-,22.13,13.27,0,6.47,0,-,-,-,-,6.7,-,5.33,0,0,-,-,0.03,14%,60%,0,0,-,-,-
,- - -,Carlos Marica,Not for Sale,1.33,Slovak First Division,-,-,0,-,-,-,-,-,5.8km,-,24.86,15.35,0,6.32,0,-,-,-,-,6.67,-,3.23,0,0,-,-,0,0%,62%,0,0,-,-,-
,- - -,Mehmet Tamrak,£150K - £450K,1.26,Slovak First Division,-,-,0,-,-,-,-,-,5.7km,-,21.99,12.77,0,7.14,0,-,-,-,-,6.4,-,2.78,0.04,0,-,-,0,0%,58%,0,0,-,0.04,-
Wnt,- - -,Valeri Arangelov,£140K - £425K,1.39,Slovak First Division,-,-,0,-,-,-,-,-,5.6km,-,22.22,13.22,0,6.24,0,-,-,-,-,6.1,-,4.74,0,0,-,-,0,0%,60%,0,0,-,-,-
,- - -,Carl Gustavsson,£75K - £220K,1.19,Serbian SuperLeague,-,-,0,-,-,-,-,-,5.4km,-,21.53,12.47,0,7.79,0,-,-,-,-,7.08,-,4.05,0,0,-,-,0.08,33%,58%,0,0,-,-,-
Wnt,- - -,Zoran Bogićević,£18K - £50K,0.6,Serbian SuperLeague,-,-,0,-,-,-,-,-,5.3km,-,21.69,14.04,0,6.47,0,-,-,-,-,7.32,-,3.9,0,0,-,-,0.07,33%,65%,0,0,-,-,-
,- - -,Zeben Manzano,£230K - £700K,1.72,Serbian SuperLeague,-,-,0,-,-,-,-,-,5.6km,-,22.38,12.45,0,5.62,0,-,-,-,-,7.22,-,6.04,0.03,0,-,-,0.03,25%,56%,0,0,-,0.03,-
,- - -,Mišo Radonjić,£750K - £2.3M,1.86,Serbian SuperLeague,-,-,0,-,-,-,-,-,5.9km,-,26.05,17.08,0,5.52,0,-,-,-,-,6.48,-,5.86,0,0,-,-,0,0%,66%,0,0,-,-,-
,- - -,Hendrie Hauptmeijer,£275K - £850K,1.19,Serbian SuperLeague,-,-,0,-,-,-,-,-,5.7km,-,25.65,18.2,0,5.72,0,-,-,-,-,7.52,-,3.19,0,0,-,-,0,0%,71%,0,0,-,-,-
,- - -,Vladimir Kaplan,£300K - £850K,1.29,Serbian SuperLeague,-,-,0,-,-,-,-,-,5.1km,-,23.21,16.1,0,8.23,0,-,-,-,-,7.31,-,2.29,0,0,-,-,0,0%,69%,0,0,-,-,-
,- - -,Milutin Jovanović,£14K - £45K,1.1,Serbian SuperLeague,-,-,0,-,-,-,-,-,5.4km,-,21.2,11.34,0,7.66,0,-,-,-,-,9.1,-,3.19,0.03,0,-,-,0.03,50%,54%,0,0,-,0.03,-
,- - -,Joacim Halilovic,£200K - £600K,1.35,Serbian SuperLeague,-,-,0,-,-,-,-,-,5.7km,-,22.79,15,0,5.75,0,-,-,-,-,7.42,-,3.91,0,0,-,-,0,0%,66%,0,0,-,-,-
,- - -,Fabrizio Boattini,£65K - £190K,1.12,Serbian SuperLeague,-,-,0,-,-,-,-,-,5.4km,-,22.91,16.12,0,7.32,0,-,-,-,-,7.26,-,4.09,0,0,-,-,0.03,25%,70%,0,0,-,-,-
Inj,- - -,Álvaro Gil,£600K - £1.9M,2.17,Serbian SuperLeague,-,-,0,-,-,-,-,-,5.3km,-,22.14,14.08,0,4.96,0,-,-,-,-,7.15,-,6.16,0.04,0,-,-,0.07,67%,64%,0,0,-,0.04,-
,- - -,Nuno Carlos,£55K - £160K,1.29,Serbian SuperLeague,-,-,0,-,-,-,-,-,5.4km,-,22.53,12,0,6.77,0,-,-,-,-,8.18,-,3.89,0,0,-,-,0.13,67%,53%,0,0,-,-,-
,- - -,Patrik Michalik,£425K - £1.3M,1.67,Serbian SuperLeague,-,-,0,-,-,-,-,-,5.4km,-,21.83,14.6,0,6.87,0,-,-,-,-,7.29,-,2.85,0,0,-,-,0,0%,67%,0,0,-,-,-
,- - -,Miguel Ángel,£900K - £2.7M,1.51,Serbian SuperLeague,-,-,0,-,-,-,-,-,5.6km,-,23.7,15.88,0,5.18,0,-,-,-,-,7.29,-,5.28,0.03,0,-,-,0.05,50%,67%,0,0,-,0.03,-
,- - -,Tomás Relvão,£170K - £500K,1.11,Serbian SuperLeague,-,-,0,-,-,-,-,-,5.4km,-,21.98,13.09,0,5.96,0,-,-,-,-,7.21,-,5.85,0,0,-,-,0.03,17%,60%,0,0,-,-,-
Opt,- - -,Aymeric Raimbault,£1K - £2.5K,1.38,Serbian SuperLeague,-,-,0,-,-,-,-,-,5.2km,-,22,14.78,0,6.48,0,-,-,-,-,6.73,-,5.56,0.04,0,-,-,0,0%,67%,0,0,-,0.04,-
,- - -,Kim André Christensen,£110K - £325K,1.62,Serbian SuperLeague,-,-,0,-,-,-,-,-,5.4km,-,20.77,11.83,0,5.96,0,-,-,-,-,7.49,-,4.99,0,0,-,-,0,0%,57%,0,0,-,-,-
,- - -,Carlos,Not for Sale,1.75,Serbian SuperLeague,-,-,0,-,-,-,-,-,5.7km,-,22.03,13.82,0,5.85,0,-,-,-,-,7.12,-,3.65,0,0,-,-,0.02,50%,63%,0,0,-,-,-
Int,- - -,Sergey Belyakov,£190K - £550K,1.26,Serbian SuperLeague,-,-,0,-,-,-,-,-,5.7km,-,23.64,15.89,0,5.96,0,-,-,-,-,7.3,-,4.09,0.03,0,-,-,0.03,50%,67%,0,0,-,0.03,-
,- - -,Stephen Campbell,£5K - £16K,1.47,cinch Premiership,-,-,0,-,-,-,-,-,5.8km,-,23.83,15.6,0,7.43,0,-,-,-,-,6.29,-,3.65,0,0,-,-,0,0%,65%,0,0,-,-,-
,- - -,Esteban Riera,£20K - £60K,1.56,cinch Premiership,-,-,0,-,-,-,-,-,5.4km,-,21.33,13.17,0,8.09,0,-,-,-,-,7.45,-,4.95,0.06,0,-,-,-,-,62%,0,0,-,0.06,-
Wnt,- - -,Callum Nash,£210K - £600K,1.7,cinch Premiership,-,-,0,-,-,-,-,-,5.5km,-,23.28,16.79,0,6.16,0,-,-,-,-,6.49,-,3.69,0,0,-,-,0,0%,72%,0,0,-,-,-
Int,- - -,Thorfinn Allan,Not for Sale,1.38,cinch Premiership,-,-,0,-,-,-,-,-,5.8km,-,23.46,17.98,0,5.88,0,-,-,-,-,1.2,-,4.55,0.02,0,-,-,0,0%,77%,0,0,-,0.02,-
Int,- - -,Gethin Morgan,Not for Sale,1.76,cinch Premiership,-,-,0,-,-,-,-,-,6.2km,-,23.13,20.39,0,5.6,0,-,-,-,-,2.95,-,3.57,0,0,-,-,0.02,20%,88%,0,0,-,-,-
,- - -,Ryan Knox,£4.1M - £12.5M,1.57,cinch Premiership,-,-,0,-,-,-,-,-,5.1km,-,21.94,11.32,0,9.54,0,-,-,-,-,7.46,-,2.77,0,0,-,-,0,0%,52%,0,0,-,-,-
,- - -,Lennie Bibbo,Not for Sale,2.04,cinch Premiership,-,-,0,-,-,-,-,-,5.6km,-,23.57,16.01,0,6.51,0,-,-,-,-,7.39,-,3.9,0,0,-,-,0.04,33%,68%,0,0,-,-,-
Int,- - -,Kujtim Gashi,£1.5M - £4.5M,1.35,cinch Premiership,-,-,0,-,-,-,-,-,5.7km,-,22.67,17.41,0,6.13,0,-,-,-,-,7.6,-,4.85,0,0,-,-,0,0%,77%,0,0,-,-,-
Wnt,- - -,Rafael Ferreira,£19.5M - £59M,1.93,cinch Premiership,-,-,0,-,-,-,-,-,6.3km,-,29.01,24.26,0,4.55,0,-,-,-,-,0.75,-,5.35,0,0,-,-,0,0%,84%,0,0,-,-,-
,- - -,Dylan Davies,£3.4M - £10.5M,1.36,cinch Premiership,-,-,0,-,-,-,-,-,5.6km,-,23.41,15.94,0,5.79,0,-,-,-,-,6.76,-,4.38,0,0,-,-,0.02,17%,68%,0,0,-,-,-
Wnt,- - -,Jeff Smith,£0,1.22,cinch Premiership,-,-,0,-,-,-,-,-,5.5km,-,23.55,15.72,0,6.66,0,-,-,-,-,6.85,-,3.6,0,0,-,-,0,0%,67%,0,0,-,-,-
Int,- - -,Darren Smith,£4.8M - £14.5M,1.56,cinch Premiership,-,-,0,-,-,-,-,-,6.2km,-,24.49,17.91,0,5.32,0,-,-,-,-,5.67,-,4.5,0,0,-,-,0,0%,73%,0,0,-,-,-
,- - -,Danny Mings,£90K - £275K,1.2,cinch Premiership,-,-,0,-,-,-,-,-,5.7km,-,21.8,14.25,0,7.23,0,-,-,-,-,7.74,-,4.48,0,0,-,-,0.02,17%,65%,0,0,-,-,-
,- - -,Ivan Chmunevich,£50K - £140K,1.44,Russian Premier League,-,-,0,-,-,-,-,-,5.6km,-,22.16,14.02,0,6.28,0,-,-,-,-,6.95,-,4.58,0.06,0,-,-,0,0%,63%,0,0,-,0.06,-
,- - -,Kirill Sandlerskiy,£150K - £475K,0.76,Russian Premier League,-,-,0,-,-,-,-,-,6.1km,-,26.57,17.66,0,6.62,0,-,-,-,-,7.11,-,3.83,0.05,0,-,-,0.05,50%,66%,0,0,-,0.05,-
,- - -,Artur Abdullaev,£2.4M - £7M,1.92,Russian Premier League,-,-,0,-,-,-,-,-,5.5km,-,22.55,15.47,0,5.79,0,-,-,-,-,7.05,-,5.53,0,0,-,-,0.03,50%,69%,0,0,-,-,-
,- - -,Mafall Niasse,£275K - £800K,0.89,Russian Premier League,-,-,0,-,-,-,-,-,5.1km,-,22.14,12.21,0,5.96,0,-,-,-,-,6.86,-,4.54,0.04,0,-,-,0.04,25%,55%,0,0,-,0.04,-
Wnt,- - -,Adrian Beuckmann,£8K - £24K,1.09,Russian Premier League,-,-,0,-,-,-,-,-,5.6km,-,25.49,14.78,0,7.69,0,-,-,-,-,6.24,-,3.88,0,0,-,-,0,0%,58%,0,0,-,-,-
Wnt,- - -,Kirill Malakhov,£1.8M - £5.4M,2.19,Russian Premier League,-,-,0,-,-,-,-,-,5.2km,-,22.05,14.66,0,6.26,0,-,-,-,-,7.15,-,4.57,0.03,0,-,-,0,0%,66%,0,0,-,0.03,-
Wnt,- - -,Bas van Bree,£950K - £2.8M,1.44,Russian Premier League,-,-,0,-,-,-,-,-,5.4km,-,24.76,16.53,0,5.18,0,-,-,-,-,7.29,-,5.53,0,0,-,-,0.03,33%,67%,0,0,-,-,-
Int,- - -,Arben Azizi,£1.1M - £3.2M,1.51,Russian Premier League,-,-,0,-,-,-,-,-,5.4km,-,25.35,12.18,0,5.86,0,-,-,-,-,6.78,-,5.23,0,0,-,-,0,0%,48%,0,0,-,-,-
,- - -,Frédéric Flochon,£700K - £2.1M,1.23,Russian Premier League,-,-,0,-,-,-,-,-,5.9km,-,22.07,16.34,0,5.73,0,-,-,-,-,5.92,-,4.46,0.03,0,-,-,0,0%,74%,0,0,-,0.03,-
,- - -,Francisco Sánchez,£800K - £2.3M,1.37,Russian Premier League,-,-,0,-,-,-,-,-,5.5km,-,20.95,11.54,0,5.66,0,-,-,-,-,7.86,-,4.14,0,0,-,-,0.04,50%,55%,0,0,-,-,-
Wnt,- - -,Oleg Masyutin,£2.2M - £6.8M,1.59,Russian Premier League,-,-,0,-,-,-,-,-,6.3km,-,28.38,25.65,0,5.16,0,-,-,-,-,1.24,-,4.56,0,0,-,-,0.03,20%,90%,0,0,-,-,-
Trn,- - -,Paulo César Gallerani,£8K - £22K,1.29,Russian Premier League,-,-,0,-,-,-,-,-,5.1km,-,22.14,12,0,7.6,0,-,-,-,-,9.21,-,2.51,0,0,-,-,0,0%,54%,0,0,-,-,-
,- - -,Jesper Madsen,£650K - £2M,1.41,Russian Premier League,-,-,0,-,-,-,-,-,5.7km,-,22.25,12.25,0,6.62,0,-,-,-,-,6.75,-,5.09,0,0,-,-,0.09,75%,55%,0,0,-,-,-
,- - -,Alexandr Kalinskiy,£100K - £300K,1.45,Russian Premier League,-,-,0,-,-,-,-,-,5.6km,-,27.97,16.14,0,5.35,0,-,-,-,-,6.66,-,5.07,0,0,-,-,0.09,25%,58%,0,0,-,-,-
Wnt,- - -,Ewald Himpe,£500K - £1.5M,1.32,Russian Premier League,-,-,0,-,-,-,-,-,5.4km,-,21.17,15.42,0,6.5,0,-,-,-,-,7.54,-,2.81,0,0,-,-,0.06,40%,73%,0,0,-,-,-
Wnt,- - -,Nedžad Delic,£9K - £28K,1.38,Russian Premier League,-,-,0,-,-,-,-,-,5.4km,-,23.53,16.18,0,5.22,0,-,-,-,-,6.55,-,6.02,0,0,-,-,0,0%,69%,0,0,-,-,-
Ret,- - -,Konstantin Morozov,£2.5K,1.32,Russian Premier League,-,-,0,-,-,-,-,-,5.5km,-,23.56,15.95,0,6.94,0,-,-,-,-,7.04,-,3.71,0.05,0,-,-,0,0%,68%,0,0,-,0.05,-
,- - -,Airam Vivar,£3.5K - £10K,0.69,Russian Premier League,-,-,0,-,-,-,-,-,5.6km,-,20,14.23,0,8.93,0,-,-,-,-,7.32,-,5.1,0,0,-,-,0,0%,71%,0,0,-,-,-
Int,- - -,Ivan Nazarov,£240K - £700K,1.31,Russian Premier League,-,-,0,-,-,-,-,-,5.8km,-,25.62,17.01,0,7.16,0,-,-,-,-,6.59,-,3.15,0,0,-,-,0,0%,66%,0,0,-,-,-
Ret,- - -,Gilles Grolleau,£1.5K - £4.5K,0.79,Romanian First League,-,-,0,-,-,-,-,-,5.1km,-,22.24,11.85,0,6,0,-,-,-,-,8.68,-,3.88,0.03,0,-,-,0,0%,53%,0,0,-,0.03,-
,- - -,Diogo Louro,£130K - £400K,1.83,Romanian First League,-,-,0,-,-,-,-,-,5.4km,-,20.61,12.6,0,7.61,0,-,-,-,-,9.12,-,1.87,0,0,-,-,0.04,33%,61%,0,0,-,-,-
,- - -,Aleksandar Dimitrijević,£850K - £2.5M,1.28,Romanian First League,-,-,0,-,-,-,-,-,5.9km,-,25.37,12.99,0,6.66,0,-,-,-,-,6.87,-,2.36,0.12,0,-,-,0,0%,51%,0,0,-,0.12,-
,- - -,Michel Thouvenin,£4.5K - £12K,1.68,Romanian First League,-,-,0,-,-,-,-,-,5.6km,-,25.84,18.22,0,6.77,0,-,-,-,-,6.73,-,3.85,0,0,-,-,0,0%,71%,0,0,-,-,-
,- - -,Thiago Llamas,£0,0.96,Romanian First League,-,-,0,-,-,-,-,-,5.6km,-,26.2,18.44,0,7.33,0,-,-,-,-,7.09,-,2.8,0,0,-,-,0,0%,70%,0,0,-,-,-
,- - -,Manuel Blumenstock,£350K - £1.1M,1.61,Romanian First League,-,-,0,-,-,-,-,-,5.9km,-,25.82,16.62,0,6.65,0,-,-,-,-,7.71,-,3.85,0,0,-,-,0.06,67%,64%,0,0,-,-,-
,- - -,Birkan Atıcı,£150K - £450K,1.18,Romanian First League,-,-,0,-,-,-,-,-,5.4km,-,21.26,15.33,0,6.29,0,-,-,-,-,6.57,-,3.87,0,0,-,-,0,0%,72%,0,0,-,-,-
Int,- - -,Christos Kakargias,£140K - £425K,1.23,Romanian First League,-,-,0,-,-,-,-,-,5.5km,-,22.57,11.23,0,7.17,0,-,-,-,-,7,-,3.86,0.03,0,-,-,0.03,50%,50%,0,0,-,0.03,-
Ret,- - -,Mariusz Marciniak,£4K,1.41,Romanian First League,-,-,0,-,-,-,-,-,4.4km,-,20.87,11.52,0,7.07,0,-,-,-,-,9.81,-,3.68,0,0,-,-,0,0%,55%,0,0,-,-,-
Int,- - -,Ibrahima Coulibaly,£900K - £2.7M,1.41,Romanian First League,-,-,0,-,-,-,-,-,5.8km,-,21.53,14.53,0,6.24,0,-,-,-,-,7.24,-,3.53,0.03,0,-,-,0,0%,68%,0,0,-,0.03,-
Inj,- - -,Gregory Bernard,£120K - £350K,1.07,Romanian First League,-,-,0,-,-,-,-,-,5.5km,-,24.76,16.69,0,5.52,0,-,-,-,-,7.33,-,3.81,0,0,-,-,0,0%,67%,0,0,-,-,-
Int,- - -,Kelechi Akinyemi,£1.3M - £4M,1.95,Romanian First League,-,-,0,-,-,-,-,-,5.5km,-,22.42,15.05,0,6.11,0,-,-,-,-,8.11,-,4.11,0,0,-,-,0,0%,67%,0,0,-,-,-
Wnt,- - -,Andrey Nevidimy,£40K - £130K,1.19,Romanian First League,-,-,0,-,-,-,-,-,5.5km,-,22.41,12.98,0,6.79,0,-,-,-,-,6.93,-,5.18,0,0,-,-,-,-,58%,0,0,-,-,-
Wnt,- - -,Semir Alić,£750K - £2.2M,1.02,Romanian First League,-,-,0,-,-,-,-,-,5.9km,-,21.97,14.87,0,7.61,0,-,-,-,-,6.51,-,3.96,0,0,-,-,0.02,20%,68%,0,0,-,-,-
Wnt,- - -,Alexandru Florin Fieraru,£7K - £20K,1.08,Romanian First League,-,-,0,-,-,-,-,-,5.7km,-,22.77,11.69,0,6.08,0,-,-,-,-,7.77,-,5.69,0,0,-,-,0,0%,51%,0,0,-,-,-
,- - -,Mathias Granerud,£400K - £1.2M,1.21,Romanian First League,-,-,0,-,-,-,-,-,5.7km,-,21.9,13.06,0,6.87,0,-,-,-,-,7.17,-,3.32,0,0,-,-,0,0%,60%,0,0,-,-,-
Wnt,- - -,João Fonseca,£70K - £210K,0.85,Portuguese Premier League,-,-,0,-,-,-,-,-,5.2km,-,22.32,15.2,0,7.7,0,-,-,-,-,6.04,-,4.16,0.08,0,-,-,0,0%,68%,0,0,-,0.08,-
,- - -,Adrián Suárez,£1.6M - £4.7M,1.46,Portuguese Premier League,-,-,0,-,-,-,-,-,5.8km,-,21.87,13.9,0,5.27,0,-,-,-,-,7.65,-,4.92,0,0,-,-,0,0%,64%,0,0,-,-,-
Wnt,- - -,João,£190K - £550K,1.69,Portuguese Premier League,-,-,0,-,-,-,-,-,5.9km,-,22.32,14.47,0,7.11,0,-,-,-,-,6.62,-,3.99,0,0,-,-,0,0%,65%,0,0,-,-,-
,- - -,Sebastian Hartl,£600K - £1.8M,1.43,Portuguese Premier League,-,-,0,-,-,-,-,-,4.7km,-,21.94,11.45,0,9.89,0,-,-,-,-,8.58,-,4.39,0.02,0,-,-,0.05,50%,52%,0,0,-,0.02,-
Int,- - -,Roberto Santella,£16M - £48M,2.17,Portuguese Premier League,-,-,0,-,-,-,-,-,6.2km,-,26.26,21.32,0,4.87,0,-,-,-,-,0.53,-,3.68,0,0,-,-,0,0%,81%,0,0,-,-,-
,- - -,Fernando Fernando,£1.5M - £4.5M,1.06,Portuguese Premier League,-,-,0,-,-,-,-,-,5.6km,-,21.7,13.41,0,7.23,0,-,-,-,-,7.23,-,3.44,0,0,-,-,0.03,33%,62%,0,0,-,-,-
,- - -,Franco Píriz,£1.4M - £4.2M,1.6,Portuguese Premier League,-,-,0,-,-,-,-,-,5.7km,-,26.65,21.56,0,5.35,0,-,-,-,-,6.57,-,5.81,0,0,-,-,0.06,40%,81%,0,0,-,-,-
,- - -,João Jesus,£230K - £700K,0.62,Portuguese Premier League,-,-,0,-,-,-,-,-,5.5km,-,22.67,13.88,0,7.02,0,-,-,-,-,7.59,-,3.02,0,0,-,-,0,0%,61%,0,0,-,-,-
,- - -,Aitor Unzueta,£3M - £9M,1.5,Portuguese Premier League,-,-,0,-,-,-,-,-,5.6km,-,23.03,17.92,0,6.22,0,-,-,-,-,5.69,-,5.11,0,0,-,-,0.03,14%,78%,0,0,-,-,-
Int,- - -,André Marques,£4.1M - £12.5M,1.25,Portuguese Premier League,-,-,0,-,-,-,-,-,6.3km,-,23.72,20.13,0,5.21,0,-,-,-,-,1.15,-,5.29,0,0,-,-,0.06,50%,85%,0,0,-,-,-
,- - -,Jesús Martín,£6.4M - £19M,1.65,Portuguese Premier League,-,-,0,-,-,-,-,-,6.0km,-,23.68,19.11,0,5.41,0,-,-,-,-,3.54,-,5.3,0,0,-,-,0.03,25%,81%,0,0,-,-,-
,- - -,Hugo Silva,£1.2M - £3.5M,1.96,Portuguese Premier League,-,-,0,-,-,-,-,-,5.5km,-,23.06,14.83,0,6.44,0,-,-,-,-,6.67,-,4.17,0,0,-,-,-,-,64%,0,0,-,-,-
,- - -,Zoran Pavlović,£500K - £1.6M,1.87,Portuguese Premier League,-,-,0,-,-,-,-,-,6.1km,-,21.82,15.24,0,7.21,0,-,-,-,-,7.48,-,3.95,0.07,0,-,-,0,0%,70%,0,0,-,0.07,-
Wnt,- - -,Roland Coulibaly,£1M - £3M,0.8,Portuguese Premier League,-,-,0,-,-,-,-,-,5.7km,-,24,17.8,0,7.18,0,-,-,-,-,8.17,-,4.42,0,0,-,-,0.06,50%,74%,0,0,-,-,-
,- - -,Andy Pobor,£250K - £750K,1.1,Portuguese Premier League,-,-,0,-,-,-,-,-,5.1km,-,24,16.29,0,6.35,0,-,-,-,-,7.48,-,2.94,0,0,-,-,0.03,50%,68%,0,0,-,-,-
Int,- - -,Stanislas Kokora,£31M - £92M,1.93,Portuguese Premier League,-,-,0,-,-,-,-,-,6.4km,-,23.71,20.09,0,5.29,0,-,-,-,-,0.67,-,5.6,0,0,-,-,0.02,25%,85%,0,0,-,-,-
,- - -,Mateo Benoit,£650K - £2M,1.29,Portuguese Premier League,-,-,0,-,-,-,-,-,5.4km,-,21.62,14.85,0,6.25,0,-,-,-,-,6.65,-,4.38,0.02,0,-,-,0,0%,69%,0,0,-,0.02,-
Int,- - -,Răzvan Popescu,£2.1M - £6.2M,1.95,Portuguese Premier League,-,-,0,-,-,-,-,-,5.8km,-,23.93,16.46,0,7.15,0,-,-,-,-,1.15,-,4.52,0.03,0,-,-,0,0%,69%,0,0,-,0.03,-
,- - -,Joel Mateus,£70K - £210K,0.97,Portuguese Premier League,-,-,0,-,-,-,-,-,5.7km,-,24.23,16.15,0,6.73,0,-,-,-,-,7.59,-,3.37,0,0,-,-,0.03,14%,67%,0,0,-,-,-
Wnt,- - -,Rexhino Mehmedi,£120K - £350K,1.36,Portuguese Premier League,-,-,0,-,-,-,-,-,5.9km,-,23.27,15.15,0,7.55,0,-,-,-,-,6.12,-,4.82,0.15,0,-,-,0.06,50%,65%,0,0,-,0.15,-
Ret,- - -,Júlio Silva,£200K - £600K,0.86,Portuguese Premier League,-,-,0,-,-,-,-,-,5.7km,-,25.94,18.62,0,6.41,0,-,-,-,-,7,-,3.99,0.04,0,-,-,0,0%,72%,0,0,-,0.04,-
,- - -,Gláucio Diniz Silva,£5.2M - £15.5M,1.71,Portuguese Premier League,-,-,0,-,-,-,-,-,5.8km,-,24.16,18.49,0,6.85,0,-,-,-,-,1.23,-,3.7,0,0,-,-,0,0%,77%,0,0,-,-,-
Wnt,- - -,Jeredy Hardley,£50K - £160K,1.2,PKO Bank Polski Ekstraklasa,-,-,0,-,-,-,-,-,5.6km,-,20.78,15.04,0,5.91,0,-,-,-,-,8.24,-,3.79,0,0,-,-,0.1,43%,72%,0,0,-,-,-
,- - -,Vinicius Bittencourt,£850K - £2.5M,2.09,PKO Bank Polski Ekstraklasa,-,-,0,-,-,-,-,-,5.4km,-,22.37,15.56,0,5.21,0,-,-,-,-,7.15,-,4.33,0.03,0,-,-,0,0%,70%,0,0,-,0.03,-
Wnt,- - -,Dominik Kołodziej,£95K - £275K,1.31,PKO Bank Polski Ekstraklasa,-,-,0,-,-,-,-,-,5.5km,-,24.62,14.5,0,5.34,0,-,-,-,-,6.16,-,4.19,0,0,-,-,0,0%,59%,0,0,-,-,-
,- - -,Benjamin Esteve,£95K - £275K,1.46,PKO Bank Polski Ekstraklasa,-,-,0,-,-,-,-,-,5.4km,-,22.74,14,0,6.66,0,-,-,-,-,6.37,-,3.4,0.03,0,-,-,0.06,67%,62%,0,0,-,0.03,-
,- - -,Oliwier Andrzejewski,£35K - £100K,1.35,PKO Bank Polski Ekstraklasa,-,-,0,-,-,-,-,-,5.4km,-,22.16,12.01,0,7.39,0,-,-,-,-,8.47,-,3.81,0,0,-,-,0,0%,54%,0,0,-,-,-
Int,- - -,Magnús Örn Karlsson,£475K - £1.4M,1.65,PKO Bank Polski Ekstraklasa,-,-,0,-,-,-,-,-,5.7km,-,24.99,17.21,0,5.91,0,-,-,-,-,6.25,-,3.14,0,0,-,-,-,-,69%,0,0,-,-,-
,- - -,Patryk Grzybek,£1M - £3M,1.66,PKO Bank Polski Ekstraklasa,-,-,0,-,-,-,-,-,6.0km,-,23.5,15.9,0,5.49,0,-,-,-,-,1.19,-,4.53,0,0,-,-,-,-,68%,0,0,-,-,-
Wnt,- - -,Georgy Volgin,£70K - £210K,0.63,PKO Bank Polski Ekstraklasa,-,-,0,-,-,-,-,-,5.1km,-,22.13,16.8,0,6.12,0,-,-,-,-,6.78,-,3.08,0,0,-,-,0,0%,76%,0,0,-,-,-
,- - -,Kuba Sinkiewicz,£60K - £180K,1.86,PKO Bank Polski Ekstraklasa,-,-,0,-,-,-,-,-,5.4km,-,22.88,16.18,0,5.79,0,-,-,-,-,7.71,-,4.79,0,0,-,-,0,0%,71%,0,0,-,-,-
,- - -,Pedro Carvalho,£350K - £1M,1.92,PKO Bank Polski Ekstraklasa,-,-,0,-,-,-,-,-,4.8km,-,22.75,15.08,0,5.58,0,-,-,-,-,7,-,5,0,0,-,-,0.08,33%,66%,0,0,-,-,-
,- - -,Filip Drageset,£95K - £275K,1.47,PKO Bank Polski Ekstraklasa,-,-,0,-,-,-,-,-,5.6km,-,22.22,13.88,0,6.79,0,-,-,-,-,7.29,-,4.29,0,0,-,-,-,-,62%,0,0,-,-,-
,- - -,Guillermo Medina,£425K - £1.3M,0.77,PKO Bank Polski Ekstraklasa,-,-,0,-,-,-,-,-,5.2km,-,23.5,14.88,0,5.57,0,-,-,-,-,4.79,-,4.09,0,0,-,-,0,0%,63%,0,0,-,-,-
Wnt,- - -,Rudolf Seman,£150K - £450K,0.76,PKO Bank Polski Ekstraklasa,-,-,0,-,-,-,-,-,5.2km,-,22.29,14.52,0,6.6,0,-,-,-,-,7.52,-,3,0,0,-,-,0.03,20%,65%,0,0,-,-,-
,- - -,Szymon Boruń,Not for Sale,1.22,PKO Bank Polski Ekstraklasa,-,-,0,-,-,-,-,-,4.2km,-,22.31,14.06,0,5,0,-,-,-,-,8.66,-,4.34,0,0,-,-,0.03,33%,63%,0,0,-,-,-
Wnt,- - -,Marcin Pawlak,£4K - £12K,1.03,PKO Bank Polski Ekstraklasa,-,-,0,-,-,-,-,-,5.3km,-,23.23,13.05,0,6.99,0,-,-,-,-,9.57,-,3.45,0.03,0,-,-,0.03,50%,56%,0,0,-,0.03,-
Int,- - -,Ali Athoumane,£325K - £950K,1.79,PKO Bank Polski Ekstraklasa,-,-,0,-,-,-,-,-,5.7km,-,21.24,11.84,0,5.51,0,-,-,-,-,7.65,-,5.74,0,0,-,-,0,0%,56%,0,0,-,-,-
Inj,- - -,Ernest Adamczyk,£30K,1.23,PKO Bank Polski Ekstraklasa,-,-,0,-,-,-,-,-,5.4km,-,22.1,11.58,0,7.61,0,-,-,-,-,7.45,-,5.9,0,0,-,-,0.1,43%,52%,0,0,-,-,-
Wnt,- - -,Mohamed Koné,£275K - £850K,1.41,PKO Bank Polski Ekstraklasa,-,-,0,-,-,-,-,-,5.5km,-,22.09,15,0,5.75,0,-,-,-,-,7.12,-,3.59,0,0,-,-,-,-,68%,0,0,-,-,-
Wnt,- - -,Ilja Panchekha,£170K - £500K,1.64,Norwegian Premier Division,-,-,0,-,-,-,-,-,5.1km,-,22.18,16.82,0,5.09,0,-,-,-,-,7,-,5.64,0,0,-,-,0,0%,76%,0,0,-,-,-
Int,- - -,Cláudio Évora,£1.7M - £5.2M,2,Norwegian Premier Division,-,-,0,-,-,-,-,-,6.0km,-,23.18,14.64,0,5.36,0,-,-,-,-,8,-,5.18,0,0,-,-,0,0%,63%,0,0,-,-,-
,- - -,Claudio Baron,£650K - £1.9M,1.64,Norwegian Premier Division,-,-,0,-,-,-,-,-,5.5km,-,23.55,11.64,0,5.36,0,-,-,-,-,8.27,-,3,0.09,0,-,-,0,0%,49%,0,0,-,0.09,-
,- - -,Petr Romanov,£120K - £375K,1.73,Norwegian Premier Division,-,-,0,-,-,-,-,-,5.3km,-,22.09,19.27,0,7.64,0,-,-,-,-,7.45,-,4.55,0,0,-,-,-,-,87%,0,0,-,-,-
Ret,- - -,Abdoulaye Claude,£18K - £55K,1.1,Norwegian Premier Division,-,-,0,-,-,-,-,-,6.1km,-,22.29,16,0,5.12,0,-,-,-,-,6.61,-,4.05,0,0,-,-,0,0%,72%,0,0,-,-,-
Int,- - -,Carl-Johan Ohlander,£950K - £2.8M,2.3,Norwegian Premier Division,-,-,0,-,-,-,-,-,5.3km,-,21.65,13.42,0,5.39,0,-,-,-,-,7.18,-,4.96,0,0,-,-,0.11,100%,62%,0,0,-,-,-
,- - -,Håkon Haarberg,£240K - £700K,1.2,Norwegian Premier Division,-,-,0,-,-,-,-,-,5.1km,-,20.98,16.74,0,7.11,0,-,-,-,-,7.45,-,2.87,0.11,0,-,-,0,0%,80%,0,0,-,0.11,-
Inj,- - -,Ruben Ona,£170K - £500K,1.18,Norwegian Premier Division,-,-,0,-,-,-,-,-,5.1km,-,25.59,16.73,0,7.17,0,-,-,-,-,5.97,-,3.38,0,0,-,-,-,-,65%,0,0,-,-,-
,- - -,Tor-Egil Hauge Johansen,£14K - £40K,1,Norwegian Premier Division,-,-,0,-,-,-,-,-,5.5km,-,21.64,14.15,0,11.65,0,-,-,-,-,8.84,-,0.83,0,0,-,-,0,0%,65%,0,0,-,-,-
,- - -,Jens Tømmerås,£190K - £550K,0.5,Norwegian Premier Division,-,-,0,-,-,-,-,-,4.1km,-,20.84,11.35,0,9.16,0,-,-,-,-,9.16,-,2.59,0,0,-,-,0.08,50%,54%,0,0,-,-,-
Int,- - -,Gaoussou Zérbo,£2.4M - £7.4M,1.08,Eredivisie,-,-,0,-,-,-,-,-,5.3km,-,22.32,13.86,0,6.93,0,-,-,-,-,7.01,-,2.44,0,0,-,-,0.03,14%,62%,0,0,-,-,-
,- - -,Maurice Bölling,£275K - £850K,0.68,Eredivisie,-,-,0,-,-,-,-,-,5.5km,-,21.38,14.41,0,8.01,0,-,-,-,-,7.31,-,2.54,0.03,0,-,-,0.03,17%,67%,0,0,-,0.03,-
,- - -,Łukasz Bednarek,£150K - £450K,1.19,Eredivisie,-,-,0,-,-,-,-,-,5.4km,-,21.88,15.2,0,6.84,0,-,-,-,-,8.17,-,4.03,0,0,-,-,0.03,25%,69%,0,0,-,-,-
,- - -,Pontus Järdler,£700K - £2M,1.44,Eredivisie,-,-,0,-,-,-,-,-,5.7km,-,20.69,13.28,0,7.89,0,-,-,-,-,7.03,-,3.07,0,0,-,-,0.04,100%,64%,0,0,-,-,-
Wnt,- - -,Ljubo Vrgoč,£1.9M - £5.8M,1.14,Eredivisie,-,-,0,-,-,-,-,-,5.7km,-,26.96,14.86,0,7.09,0,-,-,-,-,6.92,-,4.25,0,0,-,-,0.04,25%,55%,0,0,-,-,-
Int,- - -,Ahmed Al-Bishi,£7.6M - £23M,1.74,Eredivisie,-,-,0,-,-,-,-,-,6.0km,-,29.64,27.21,0,5.82,0,-,-,-,-,1.34,-,3.39,0,0,-,-,0.04,33%,92%,0,0,-,-,-
Wnt,- - -,Dorian Jezequel,£600K - £1.8M,1.65,Eredivisie,-,-,0,-,-,-,-,-,4.7km,-,21.86,16.26,0,7.23,0,-,-,-,-,7.17,-,2.16,0,0,-,-,0.06,25%,74%,0,0,-,-,-
Wnt,- - -,Alpay İnce,£1.8M - £5.4M,1.73,Eredivisie,-,-,0,-,-,-,-,-,6.0km,-,28.85,24.86,0,4.96,0,-,-,-,-,0.83,-,4.79,0,0,-,-,0.05,29%,86%,0,0,-,-,-
,- - -,Miel Brandes,£150K - £450K,1.2,Eredivisie,-,-,0,-,-,-,-,-,5.0km,-,21.73,14.48,0,8.3,0,-,-,-,-,6.75,-,2.93,0,0,-,-,0.08,33%,67%,0,0,-,-,-
Wnt,- - -,Javi Núñez,£3.8M - £11.5M,1.63,Eredivisie,-,-,0,-,-,-,-,-,6.3km,-,23.97,18.85,0,6.07,0,-,-,-,-,0.92,-,5.5,0,0,-,-,0,0%,79%,0,0,-,-,-
,- - -,Deniz Demirgan,£140K - £425K,0.95,Eredivisie,-,-,0,-,-,-,-,-,4.9km,-,21.7,12.46,0,9.44,0,-,-,-,-,9.39,-,2.51,0,0,-,-,0,0%,57%,0,0,-,-,-
,- - -,Felix Gadow,£3.2M - £9.8M,1.3,Eredivisie,-,-,0,-,-,-,-,-,5.7km,-,24.81,17.7,0,6,0,-,-,-,-,7.5,-,4.38,0,0,-,-,0,0%,71%,0,0,-,-,-
Wnt,- - -,Aleš Procházka,£3.1M - £9.4M,0.84,Eredivisie,-,-,0,-,-,-,-,-,5.6km,-,23.28,13.5,0,7.56,0,-,-,-,-,7.19,-,3.59,0,0,-,-,0.09,38%,58%,0,0,-,-,-
Inj,- - -,Andreas Idskou,£1.2M - £3.5M,1,Eredivisie,-,-,0,-,-,-,-,-,5.8km,-,22.76,11.1,0,7.94,0,-,-,-,-,5.41,-,3.58,0,0,-,-,0,0%,49%,0,0,-,-,-
Int,- - -,Roy de Lange,£1.9M - £5.6M,1.27,Eredivisie,-,-,0,-,-,-,-,-,5.7km,-,25.01,18.52,0,6.93,0,-,-,-,-,5.95,-,3.51,0,0,-,-,0.06,40%,74%,0,0,-,-,-
,- - -,Branko Romić,£550K - £1.6M,1.2,Eredivisie,-,-,0,-,-,-,-,-,5.4km,-,25.06,16.6,0,6.14,0,-,-,-,-,7.72,-,4.93,0,0,-,-,0,0%,66%,0,0,-,-,-
Wnt,- - -,Arie Berger,£150K - £425K,1.59,Eredivisie,-,-,0,-,-,-,-,-,5.3km,-,21.85,15.37,0,6.75,0,-,-,-,-,6.61,-,4.65,0,0,-,-,0.04,50%,70%,0,0,-,-,-
Int,- - -,Liel Vilner,£4M - £12M,1.73,Eredivisie,-,-,0,-,-,-,-,-,6.4km,-,23.44,19.55,0,7.16,0,-,-,-,-,5.4,-,5.06,0,0,-,-,0,0%,83%,0,0,-,-,-
Int,- - -,Zaid Abdullah,Not for Sale,1.31,Eredivisie,-,-,0,-,-,-,-,-,5.8km,-,23.59,17.64,0,7.25,0,-,-,-,-,6.93,-,3.71,0,0,-,-,0.03,33%,75%,0,0,-,-,-
Int,- - -,Joe Murguía,£33M - £98M,1.68,Eredivisie,-,-,0,-,-,-,-,-,6.1km,-,23.27,20.19,0,6.91,0,-,-,-,-,1.79,-,4.33,0,0,-,-,0.05,50%,87%,0,0,-,-,-
,- - -,Fabian John,£180K - £550K,1.63,Eredivisie,-,-,0,-,-,-,-,-,4.8km,-,21.57,12.16,0,10.59,0,-,-,-,-,9.42,-,2.51,0,0,-,-,0.04,33%,56%,0,0,-,-,-
Inj,- - -,Karim Bencherifa,£70K - £210K,1.72,Eredivisie,-,-,0,-,-,-,-,-,5.6km,-,21.53,15.62,0,5.56,0,-,-,-,-,7,-,5.44,0,0,-,-,0.03,25%,73%,0,0,-,-,-
,- - -,Ragnar Ewijk,£2.9M - £8.8M,2.05,Eredivisie,-,-,0,-,-,-,-,-,5.9km,-,23.96,13.95,0,6.61,0,-,-,-,-,6.61,-,4.13,0,0,-,-,-,-,58%,0,0,-,-,-
,- - -,Lee Robinson,£22K - £70K,1.26,Sports Direct Premiership,-,-,0,-,-,-,-,-,5.2km,-,22.82,9.67,0,6.92,0,-,-,-,-,8.41,-,3.49,0.03,0,-,-,0,0%,42%,0,0,-,0.1,-
,- - -,Robbie Matthews,£90K - £275K,1.32,Sports Direct Premiership,-,-,0,-,-,-,-,-,5.3km,-,22.07,11.74,0,5.66,0,-,-,-,-,8.76,-,4.12,0,0,-,-,0,0%,53%,0,0,-,-,-
Int,- - -,Joby Fitzhugh,£250K - £800K,1.93,Sports Direct Premiership,-,-,0,-,-,-,-,-,5.4km,-,22.21,14.99,0,5.23,0,-,-,-,-,7.53,-,5.11,0,0,-,-,0,0%,67%,0,0,-,-,-
,- - -,Allan Short,£45K - £130K,1.47,Sports Direct Premiership,-,-,0,-,-,-,-,-,5.2km,-,26.17,15.38,0,4.51,0,-,-,-,-,7.8,-,8.04,0.03,0,-,-,0.03,50%,59%,0,0,-,0.03,-
,- - -,Paul Ferguson,£4K - £12K,1.21,Sports Direct Premiership,-,-,0,-,-,-,-,-,5.8km,-,21.15,10.92,0,6.17,0,-,-,-,-,8.65,-,5,0,0,-,-,0,0%,52%,0,0,-,-,-
Wnt,- - -,Jim Slooves,£9K - £28K,1.7,Sports Direct Premiership,-,-,0,-,-,-,-,-,5.6km,-,22.28,13.19,0,6.1,0,-,-,-,-,7.25,-,4.14,0,0,-,-,0.03,100%,59%,0,0,-,-,-
,- - -,Finn Price,£45K - £140K,1,Sports Direct Premiership,-,-,0,-,-,-,-,-,5.3km,-,22.15,12.52,0,6.27,0,-,-,-,-,8.18,-,8.08,0,0,-,-,0,0%,57%,0,0,-,-,-
,- - -,John Robertson,£75K - £220K,2.13,Sports Direct Premiership,-,-,0,-,-,-,-,-,5.8km,-,22.04,12.07,0,7.5,0,-,-,-,-,7.34,-,3.21,0.04,0,-,-,-,-,55%,0,0,-,0.04,-
,- - -,Aidan Martin,£2.5K - £7K,1.05,Sports Direct Premiership,-,-,0,-,-,-,-,-,4.6km,-,21.7,12.63,0,5.72,0,-,-,-,-,8.74,-,6.81,0,0,-,-,0.02,25%,58%,0,0,-,0.02,-
,- - -,Jonny Bell,£40K - £120K,1.47,Sports Direct Premiership,-,-,0,-,-,-,-,-,5.6km,-,20.79,12.2,0,6.71,0,-,-,-,-,8.82,-,4.09,0,0,-,-,0.03,50%,59%,0,0,-,-,-
Yth,- - -,Ryan Evans,£95K - £275K,0.73,Sports Direct Premiership,-,-,0,-,-,-,-,-,5.4km,-,23.64,18.01,0,4.72,0,-,-,-,-,7.54,-,4.64,0,0,-,-,0,0%,76%,0,0,-,-,-
Unh,- - -,Aidan Robinson,£5K - £16K,1.26,Sports Direct Premiership,-,-,0,-,-,-,-,-,5.6km,-,20.23,11.79,0,6.12,0,-,-,-,-,8.86,-,6.35,0.02,0,-,-,0.02,20%,58%,0,0,-,0.02,-
,- - -,Kristaps Gorkšs,£50K - £140K,1.18,Optibet Virsliga,-,-,0,-,-,-,-,-,5.1km,-,21.82,8.88,0,6.88,0,-,-,-,-,8.41,-,4.94,0,0,-,-,0.06,50%,41%,0,0,-,-,-
Int,- - -,Vivaldy Mununga,£55K - £170K,1.56,Optibet Virsliga,-,-,0,-,-,-,-,-,5.8km,-,26.22,15.78,0,4.83,0,-,-,-,-,7.06,-,4.72,0,0,-,-,0.06,50%,60%,0,0,-,-,-
Int,- - -,Kārlis Stepanovs,£85K - £250K,2,Optibet Virsliga,-,-,0,-,-,-,-,-,5.2km,-,21.79,14.93,0,6.5,0,-,-,-,-,8.86,-,4.86,0,0,-,-,-,-,69%,0,0,-,-,-
,- - -,Dawid Jajko,£4K - £12K,1,Optibet Virsliga,-,-,0,-,-,-,-,-,5.6km,-,20.79,10.92,0,7.7,0,-,-,-,-,8.68,-,3.22,0,0,-,-,-,-,53%,0,0,-,-,-
Wnt,- - -,Victor Mohammed,£210K - £650K,1.75,Optibet Virsliga,-,-,0,-,-,-,-,-,4.8km,-,21.48,14.23,0,4.79,0,-,-,-,-,6.97,-,6.27,0,0,-,-,-,-,66%,0,0,-,-,-
,- - -,Bülent Demir,£6K - £16K,1,Optibet Virsliga,-,-,0,-,-,-,-,-,5.1km,-,21.75,12.84,0,11.7,0,-,-,-,-,9.06,-,0.29,0,0,-,-,0,0%,59%,0,0,-,-,-
,- - -,Pauls Ostapko,Not for Sale,0.82,Optibet Virsliga,-,-,0,-,-,-,-,-,5.3km,-,21.47,12.76,0,7.65,0,-,-,-,-,8.18,-,3.12,0,0,-,-,0.06,33%,59%,0,0,-,-,-
,- - -,Bohdan Makarov,£140K - £425K,1,Optibet Virsliga,-,-,0,-,-,-,-,-,6.5km,-,22.71,14.59,0,6.4,0,-,-,-,-,7.73,-,3.04,0,0,-,-,-,-,64%,0,0,-,-,-
Int,- - -,Ivans Kalniņš,£325K - £950K,2.18,Optibet Virsliga,-,-,0,-,-,-,-,-,4.7km,-,23.68,14.51,0,6.41,0,-,-,-,-,8.49,-,5.43,0.1,0,-,-,-,-,61%,0,0,-,0.1,-
,- - -,Abderrahmane Zniber,Not for Sale,1.35,Optibet Virsliga,-,-,0,-,-,-,-,-,6.0km,-,20.5,13.63,0,5.76,0,-,-,-,-,6.38,-,3.96,0,0,-,-,0,0%,66%,0,0,-,-,-
Wnt,- - -,Ronny Alpou,£800K - £2.3M,0.65,Italian Serie A,-,-,0,-,-,-,-,-,5.7km,-,26.71,19.5,0,7.44,0,-,-,-,-,7.11,-,3.33,0,0,-,-,0.03,25%,73%,0,0,-,-,-
,- - -,Robert Stenström,£230K - £700K,1.25,Italian Serie A,-,-,0,-,-,-,-,-,6.1km,-,22.13,13.79,0,7.22,0,-,-,-,-,7.35,-,4.76,0,0,-,-,0.06,50%,62%,0,0,-,-,-
Wnt,- - -,Filip Vaněk,£28K - £80K,1.35,Italian Serie A,-,-,0,-,-,-,-,-,5.5km,-,22.07,15.55,0,9.4,0,-,-,-,-,7.78,-,3.52,0,0,-,-,0.05,67%,70%,0,0,-,-,-
,- - -,Arturo,£2.7M - £8.2M,0.77,Italian Serie A,-,-,0,-,-,-,-,-,5.8km,-,23.55,15.46,0,7.03,0,-,-,-,-,7.56,-,4.41,0,0,-,-,0,0%,66%,0,0,-,-,-
Ret,- - -,Alperen Başer,£0,0.53,Italian Serie A,-,-,0,-,-,-,-,-,5.0km,-,23.04,12.79,0,9.96,0,-,-,-,-,8.85,-,1.86,0,0,-,-,0.03,50%,55%,0,0,-,-,-
Int,- - -,Klodian Delia,£7.4M - £22M,2.07,Italian Serie A,-,-,0,-,-,-,-,-,6.0km,-,25.1,21.61,0,7.13,0,-,-,-,-,1.26,-,4.48,0,0,-,-,-,-,86%,0,0,-,-,-
,- - -,Jesús García,£3.6M - £11M,1.36,Italian Serie A,-,-,0,-,-,-,-,-,5.2km,-,23.43,17.22,0,5.51,0,-,-,-,-,7.11,-,3.5,0,0,-,-,0,0%,74%,0,0,-,-,-
Int,- - -,Eric Nedelea,£22M - £66M,2.45,Italian Serie A,-,-,0,-,-,-,-,-,5.9km,-,23.95,21.47,0,5.82,0,-,-,-,-,0.68,-,5.17,0,0,-,-,0.03,100%,90%,0,0,-,-,-
Int,- - -,Luis Hernández,£1.1M,0.97,Italian Serie A,-,-,0,-,-,-,-,-,5.8km,-,26.38,18.62,0,6.85,0,-,-,-,-,6.47,-,3.64,0,0,-,-,0,0%,71%,0,0,-,-,-
nEU,- - -,Sergio Gómez,£25M - £75M,2.15,Italian Serie A,-,-,0,-,-,-,-,-,6.4km,-,32.58,28.79,0,4.63,0,-,-,-,-,5.62,-,4.34,0,0,-,-,0.02,17%,88%,0,0,-,-,-
Int,- - -,Luca Marinelli,£11M - £32M,1.72,Italian Serie A,-,-,0,-,-,-,-,-,6.2km,-,23.92,19.35,0,6.02,0,-,-,-,-,5.38,-,4.76,0.03,0,-,-,0.1,43%,81%,0,0,-,0.03,-
,- - -,Gianluca Tomei,£2.6M - £8M,0.87,Italian Serie A,-,-,0,-,-,-,-,-,5.7km,-,25.54,18.6,0,6.73,0,-,-,-,-,6.94,-,4.72,0,0,-,-,0.05,50%,73%,0,0,-,-,-
,- - -,Emilio Rosales,£500K - £1.5M,1.38,Italian Serie A,-,-,0,-,-,-,-,-,5.3km,-,22.79,15.99,0,6.95,0,-,-,-,-,7.51,-,3.71,0,0,-,-,0,0%,70%,0,0,-,-,-
Int,- - -,Arnoud Klap,Not for Sale,2.31,Italian Serie A,-,-,0,-,-,-,-,-,6.4km,-,31.28,28.04,0,0.88,0,-,-,-,-,0.64,-,6.88,0,0,-,-,0.02,20%,90%,0,0,-,-,-
Int,- - -,Adam Houska,Not for Sale,1.7,Italian Serie A,-,-,0,-,-,-,-,-,5.6km,-,24.1,21.7,0,7.1,0,-,-,-,-,0.65,-,4.45,0,0,-,-,0,0%,90%,0,0,-,-,-
,- - -,Emanuele Bencivenni Stufi,£2.1M - £6.2M,0.88,Italian Serie A,-,-,0,-,-,-,-,-,6.0km,-,21.95,15.37,0,7.41,0,-,-,-,-,7.56,-,3.31,0,0,-,-,0,0%,70%,0,0,-,-,-
,- - -,Dario Fiorelli,£120K - £350K,0.83,Italian Serie A,-,-,0,-,-,-,-,-,5.8km,-,23.89,16.17,0,10.94,0,-,-,-,-,6.17,-,1.94,0,0,-,-,0.06,50%,68%,0,0,-,-,-
Int,- - -,Alfa Fernandes,£63M - £189M,1.97,Italian Serie A,-,-,0,-,-,-,-,-,6.2km,-,31.79,27.87,0,3.72,0,-,-,-,-,0.62,-,5.51,0,0,-,-,0,0%,88%,0,0,-,-,-
,- - -,Marcello Lazzerini,£650K - £1.9M,2,Italian Serie A,-,-,0,-,-,-,-,-,4.8km,-,21,14.2,0,7.4,0,-,-,-,-,7.1,-,4.2,0,0,-,-,-,-,68%,0,0,-,-,-
nEU,- - -,Aboubakar Diomandé,£700K - £2.1M,0.72,Italian Serie A,-,-,0,-,-,-,-,-,5.5km,-,24.78,17.15,0,6.44,0,-,-,-,-,7.96,-,3.98,0,0,-,-,0.05,40%,69%,0,0,-,-,-
Wnt,- - -,Jermain Bos,£600K,1.51,Italian Serie A,-,-,0,-,-,-,-,-,5.6km,-,26.49,18.99,0,8.8,0,-,-,-,-,7.08,-,4.25,0,0,-,-,0,0%,72%,0,0,-,-,-
nEU,- - -,Fabián Escobar,£6.6M - £20M,1.52,Italian Serie A,-,-,0,-,-,-,-,-,6.4km,-,28.39,23.86,0,8.2,0,-,-,-,-,5.89,-,3.73,0,0,-,-,0.02,25%,84%,0,0,-,-,-
Int,- - -,Joseph Acquah,£1.4M - £4.1M,1.84,Italian Serie A,-,-,0,-,-,-,-,-,6.1km,-,22.86,20.87,0,7.64,0,-,-,-,-,0.88,-,3.92,0,0,-,-,0.03,50%,91%,0,0,-,-,-
Int,- - -,Iulian Manea,£54M - £163M,2.5,Italian Serie A,-,-,0,-,-,-,-,-,6.5km,-,29.17,24.94,0,4.18,0,-,-,-,-,0.62,-,5.08,0,0,-,-,0.06,50%,85%,0,0,-,-,-
,- - -,Silvio Testoni,£2.4M - £7.4M,1.62,Italian Serie A,-,-,0,-,-,-,-,-,5.9km,-,27.62,21.62,0,5.94,0,-,-,-,-,1.38,-,3.62,0.06,0,-,-,0.06,33%,78%,0,0,-,0.06,-
,- - -,Jorge Morales,£650K - £2M,1.82,Israeli Premier League,-,-,0,-,-,-,-,-,6.3km,-,21.45,14.64,0,5.16,0,-,-,-,-,6.89,-,4.85,0.03,0,-,-,0.06,100%,68%,0,0,-,0.03,-
,- - -,Adam Andersson,£14K - £40K,1.05,Israeli Premier League,-,-,0,-,-,-,-,-,5.6km,-,21.87,13.42,0,7.23,0,-,-,-,-,7.2,-,2.65,0,0,-,-,0.06,67%,61%,0,0,-,-,-
,- - -,Adrian Majcenić,Not for Sale,1.74,Israeli Premier League,-,-,0,-,-,-,-,-,5.4km,-,22.76,17.33,0,5.57,0,-,-,-,-,7.32,-,5.17,0,0,-,-,0,0%,76%,0,0,-,-,-
,- - -,Reuben Adamu,£350K - £1M,1.42,Israeli Premier League,-,-,0,-,-,-,-,-,5.2km,-,25.25,15.36,0,6.52,0,-,-,-,-,7.47,-,4.38,0,0,-,-,0.07,60%,61%,0,0,-,-,-
,- - -,Omri Hassid,£24K - £75K,1.18,Israeli Premier League,-,-,0,-,-,-,-,-,4.7km,-,21.12,12.09,0,6.61,0,-,-,-,-,7.96,-,2.46,0.03,0,-,-,0.03,25%,57%,0,0,-,0.03,-
Wnt,- - -,Caspar Alblas,£130K - £400K,1.82,Israeli Premier League,-,-,0,-,-,-,-,-,5.5km,-,25.27,16.18,0,5.52,0,-,-,-,-,6.82,-,4.79,0,0,-,-,0,0%,64%,0,0,-,-,-
Wnt,- - -,Rodrigo Edri,£2.6M - £7.8M,1.71,Israeli Premier League,-,-,0,-,-,-,-,-,5.7km,-,25.83,18.33,0,4.58,0,-,-,-,-,6.83,-,4.15,0.08,0,-,-,0,0%,71%,0,0,-,0.08,-
Inj,- - -,Or Heffer,£170K - £500K,1.61,Israeli Premier League,-,-,0,-,-,-,-,-,5.4km,-,22.42,16.32,0,5.88,0,-,-,-,-,6.97,-,5.13,0,0,-,-,0.06,50%,73%,0,0,-,-,-
Int,- - -,Jovan Nikolić,£75K - £220K,0.77,Israeli Premier League,-,-,0,-,-,-,-,-,5.3km,-,22.1,15.38,0,6.43,0,-,-,-,-,6.84,-,3.81,0,0,-,-,0,0%,70%,0,0,-,-,-
,- - -,Chiquinho,£2.5K - £7K,0.74,Israeli Premier League,-,-,0,-,-,-,-,-,5.5km,-,23.68,15.54,0,6.39,0,-,-,-,-,7.73,-,3.92,0,0,-,-,0,0%,66%,0,0,-,-,-
,- - -,Omri Levi,£4K - £12K,0.84,Israeli Premier League,-,-,0,-,-,-,-,-,5.2km,-,23.1,11.73,0,6.75,0,-,-,-,-,7.89,-,3.27,0,0,-,-,0.07,50%,51%,0,0,-,-,-
Int,- - -,Lassi Nyholm,£95K - £300K,0.94,Israeli Premier League,-,-,0,-,-,-,-,-,6.1km,-,22.33,13.09,0,6.4,0,-,-,-,-,8.11,-,4.35,0.09,0,-,-,0,0%,59%,0,0,-,0.09,-
Int,- - -,Josip Stranput,£240K - £750K,1.63,Israeli Premier League,-,-,0,-,-,-,-,-,5.5km,-,21.93,15.74,0,4.42,0,-,-,-,-,7.64,-,4.64,0,0,-,-,0.03,50%,72%,0,0,-,-,-
,- - -,Lúcio Mendes,£170K - £500K,1.7,Israeli Premier League,-,-,0,-,-,-,-,-,5.5km,-,22.5,14.37,0,6.14,0,-,-,-,-,7.27,-,4.95,0,0,-,-,0,0%,64%,0,0,-,-,-
Wnt,- - -,Austin Mathews,£150K - £450K,1,Irish Premier Division,-,-,0,-,-,-,-,-,5.5km,-,22.03,14.23,0,5.77,0,-,-,-,-,6.92,-,5.55,0,0,-,-,0,0%,65%,0,0,-,-,-
,- - -,Thomas Moore,£2K - £5K,1.53,Irish Premier Division,-,-,0,-,-,-,-,-,4.4km,-,21.64,10.31,0,7.11,0,-,-,-,-,9.06,-,3.33,0,0,-,-,0,0%,48%,0,0,-,-,-
,- - -,Danny Porter,£75K - £230K,2,Irish Premier Division,-,-,0,-,-,-,-,-,5.4km,-,21.62,14.67,0,6.38,0,-,-,-,-,7.14,-,3.71,0,0,-,-,0,0%,68%,0,0,-,-,-
Wnt,- - -,Adam Mitchell,£80K - £240K,1.89,Irish Premier Division,-,-,0,-,-,-,-,-,5.6km,-,23.42,19.11,0,6.11,0,-,-,-,-,7.79,-,6.68,0,0,-,-,0,0%,82%,0,0,-,-,-
,- - -,Eric Broaders,£210K - £650K,1.56,Irish Premier Division,-,-,0,-,-,-,-,-,5.4km,-,24.38,16.81,0,5.62,0,-,-,-,-,6.37,-,5.11,0,0,-,-,0,0%,69%,0,0,-,-,-
,- - -,Donald Martin,£8K - £22K,1,Irish Premier Division,-,-,0,-,-,-,-,-,5.5km,-,23.4,14.15,0,6.15,0,-,-,-,-,8.15,-,4.75,0,0,-,-,0.1,67%,60%,0,0,-,-,-
,- - -,Dylan O'Flynn,£14K - £40K,1.29,Irish Premier Division,-,-,0,-,-,-,-,-,5.5km,-,25,16.76,0,5.52,0,-,-,-,-,6,-,5.1,0.05,0,-,-,0,0%,67%,0,0,-,0.05,-
,- - -,Blair Calder,£12K - £40K,1.05,Irish Premier Division,-,-,0,-,-,-,-,-,5.2km,-,22,12.27,0,7.46,0,-,-,-,-,9.04,-,2.86,0,0,-,-,-,-,56%,0,0,-,-,-
,- - -,Brian Husband,£26K - £80K,0.89,Irish Premier Division,-,-,0,-,-,-,-,-,5.8km,-,23.17,14.39,0,6.44,0,-,-,-,-,8.84,-,3.22,0,0,-,-,0,0%,62%,0,0,-,-,-
,- - -,Johnny McDonald,£10K - £30K,1.21,Irish Premier Division,-,-,0,-,-,-,-,-,5.3km,-,21,12.89,0,7.42,0,-,-,-,-,7.95,-,2.42,0.05,0,-,-,0,0%,61%,0,0,-,0.05,-
,- - -,Jakov-Anton Jordan,£4K - £12K,1.5,Icelandic Premier Division,-,-,0,-,-,-,-,-,4.9km,-,24.71,13.71,0,5.5,0,-,-,-,-,8.63,-,5.07,0,0,-,-,0,0%,55%,0,0,-,-,-
,- - -,Ismahila Bassaoulé,Not for Sale,1,Icelandic Premier Division,-,-,0,-,-,-,-,-,5.9km,-,20.92,10.69,0,8.15,0,-,-,-,-,8.08,-,3.85,0,0,-,-,0,0%,51%,0,0,-,-,-
,- - -,Daniel Sigurdsson,£40K - £120K,1.46,Icelandic Premier Division,-,-,0,-,-,-,-,-,4.7km,-,23.79,14.01,0,5.24,0,-,-,-,-,9.08,-,5.56,0,0,-,-,-,-,59%,0,0,-,-,-
,- - -,Yegor Samoshnikov,Not for Sale,1.86,Icelandic Premier Division,-,-,0,-,-,-,-,-,4.1km,-,20.31,12.42,0,4.53,0,-,-,-,-,8.69,-,3.94,0,0,-,-,0,0%,61%,0,0,-,-,-
,- - -,Björn Hauksson,£35K - £110K,1.24,Icelandic Premier Division,-,-,0,-,-,-,-,-,5.1km,-,23.41,11.47,0,8.24,0,-,-,-,-,8.94,-,5.82,0,0,-,-,0.12,67%,49%,0,0,-,-,-
,- - -,Arnór Breki Kolviðsson,£55K - £170K,1.55,Icelandic Premier Division,-,-,0,-,-,-,-,-,4.8km,-,20.01,9.77,0,8.62,0,-,-,-,-,8.62,-,4.79,0,0,-,-,0,0%,49%,0,0,-,-,-
,- - -,Arnar Freyr Bragason,£22K - £65K,1.21,Icelandic Premier Division,-,-,0,-,-,-,-,-,5.1km,-,22.7,10.83,0,6.23,0,-,-,-,-,8.16,-,3.41,0,0,-,-,-,-,48%,0,0,-,-,-
Req,- - -,Peter Griger,£2.5K - £7K,1.14,Icelandic Premier Division,-,-,0,-,-,-,-,-,5.8km,-,21.9,12.48,0,7.89,0,-,-,-,-,8.21,-,4.59,0.08,0,-,-,0,0%,57%,0,0,-,0.08,-
,- - -,Filip Romić,£40K - £110K,1.47,Icelandic Premier Division,-,-,0,-,-,-,-,-,5.2km,-,23.07,12.8,0,6.07,0,-,-,-,-,8.53,-,5.13,0,0,-,-,0.07,50%,55%,0,0,-,-,-
,- - -,Evgeniy Sarasek,£45K - £140K,2.07,Icelandic Premier Division,-,-,0,-,-,-,-,-,5.7km,-,21.09,9.63,0,5.86,0,-,-,-,-,8.35,-,5.73,0,0,-,-,-,-,46%,0,0,-,-,-
Opt,- - -,Páll Veigar Lárusson,£1.5K - £5K,1.27,Icelandic Premier Division,-,-,0,-,-,-,-,-,4.7km,-,21.91,11.21,0,7.64,0,-,-,-,-,8.99,-,3.78,0,0,-,-,0.07,33%,51%,0,0,-,-,-
,- - -,Grzegorz Posmyk,£1.5M - £4.5M,1.35,Hungarian Division I,-,-,0,-,-,-,-,-,5.8km,-,23.22,14.18,0,6.35,0,-,-,-,-,7.18,-,6.15,0,0,-,-,0.03,50%,61%,0,0,-,-,-
,- - -,Niyazi Yeşil,£50K - £160K,1.12,Hungarian Division I,-,-,0,-,-,-,-,-,5.6km,-,22.04,13.93,0,6.37,0,-,-,-,-,7.01,-,4.12,0,0,-,-,0.04,25%,63%,0,0,-,-,-
Wnt,- - -,Lóránt Szabó,£200K - £600K,0.81,Hungarian Division I,-,-,0,-,-,-,-,-,5.7km,-,23.86,16.33,0,6.67,0,-,-,-,-,7.56,-,2.97,0,0,-,-,0,0%,68%,0,0,-,-,-
,- - -,Vladislav Kozin,£180K - £550K,1.84,Hungarian Division I,-,-,0,-,-,-,-,-,5.8km,-,21.87,12.19,0,5.26,0,-,-,-,-,6.68,-,5.23,0,0,-,-,0,0%,56%,0,0,-,-,-
,- - -,Oğulcan Kutlu,Not for Sale,1.26,Hungarian Division I,-,-,0,-,-,-,-,-,5.7km,-,22.3,13.04,0,7.15,0,-,-,-,-,6.74,-,4.74,0,0,-,-,0,0%,58%,0,0,-,-,-
,- - -,Lorenzo Cetrangolo,£300K - £850K,1.95,Hungarian Division I,-,-,0,-,-,-,-,-,5.3km,-,22.23,16.16,0,5.31,0,-,-,-,-,7,-,3.04,0,0,-,-,0,0%,73%,0,0,-,-,-
,- - -,Serhan Taşkıran,£7K - £22K,1.06,Hungarian Division I,-,-,0,-,-,-,-,-,4.4km,-,21.14,12.65,0,6.37,0,-,-,-,-,8.3,-,2.77,0.03,0,-,-,0.07,40%,60%,0,0,-,0.03,-
Wnt,- - -,Eloi Sors,£95K - £275K,1.31,Hungarian Division I,-,-,0,-,-,-,-,-,5.9km,-,21.31,12.48,0,7.36,0,-,-,-,-,7.39,-,4.81,0.06,0,-,-,0,0%,59%,0,0,-,0.06,-
Wnt,- - -,Miloš Mitić,£1.2M - £3.6M,2.09,Hungarian Division I,-,-,0,-,-,-,-,-,6.4km,-,28.91,21.54,0,5.39,0,-,-,-,-,0.59,-,5.28,0,0,-,-,0,0%,75%,0,0,-,-,-
Wnt,- - -,Soma Sólyom,£40K - £120K,0.76,Hungarian Division I,-,-,0,-,-,-,-,-,5.5km,-,21.31,14.7,0,7.4,0,-,-,-,-,8.5,-,2.53,0,0,-,-,0.03,20%,69%,0,0,-,-,-
,- - -,Miran Çevik,£45K - £140K,1.21,Greek Super League 1,-,-,0,-,-,-,-,-,5.7km,-,22.75,13.87,0,6.21,0,-,-,-,-,7.87,-,4.58,0,0,-,-,0,0%,61%,0,0,-,-,-
,- - -,Aleksandar Todorović,£600K - £1.7M,1.91,Greek Super League 1,-,-,0,-,-,-,-,-,5.4km,-,24.95,18.26,0,6.39,0,-,-,-,-,7.36,-,4.51,0.02,0,-,-,0,0%,73%,0,0,-,0.02,-
,- - -,João Victor,£140K - £425K,2.09,Greek Super League 1,-,-,0,-,-,-,-,-,5.5km,-,21.09,10.36,0,5.73,0,-,-,-,-,8.09,-,2.91,0,0,-,-,0,0%,49%,0,0,-,-,-
,- - -,Dragan Krstić,£16K - £45K,1.21,Greek Super League 1,-,-,0,-,-,-,-,-,5.6km,-,22.45,15.21,0,5.88,0,-,-,-,-,7.36,-,5.91,0.03,0,-,-,0,0%,68%,0,0,-,0.03,-
Int,- - -,Roland Miquet,£15M - £45M,1.82,Greek Super League 1,-,-,0,-,-,-,-,-,6.2km,-,25.59,22.17,0,4.67,0,-,-,-,-,1.11,-,5.24,0,0,-,-,0,0%,87%,0,0,-,-,-
,- - -,Luis Yilmaz,£700K - £2.1M,1.21,Greek Super League 1,-,-,0,-,-,-,-,-,5.8km,-,26.14,17.5,0,6.64,0,-,-,-,-,7.64,-,2.93,0,0,-,-,0.11,38%,67%,0,0,-,-,-
,- - -,Francisco Javier Enguix,£550K - £1.6M,1.09,Greek Super League 1,-,-,0,-,-,-,-,-,5.7km,-,21.6,13.29,0,6.02,0,-,-,-,-,7.47,-,4.43,0,0,-,-,0,0%,62%,0,0,-,-,-
Wnt,- - -,Elton,£0,0.82,Greek Super League 1,-,-,0,-,-,-,-,-,5.4km,-,22,11.75,0,8.56,0,-,-,-,-,7.59,-,3.14,0,0,-,-,0,0%,53%,0,0,-,-,-
Wnt,- - -,Victor Muntean,£700K - £2.1M,1.14,Greek Super League 1,-,-,0,-,-,-,-,-,5.5km,-,21.42,14.55,0,7.97,0,-,-,-,-,7.02,-,2.63,0,0,-,-,0.15,50%,68%,0,0,-,-,-
,- - -,Rafael Nathis,£800K - £2.3M,1.74,Greek Super League 1,-,-,0,-,-,-,-,-,5.7km,-,22.91,14.13,0,6.1,0,-,-,-,-,6.32,-,3.64,0,0,-,-,0,0%,62%,0,0,-,-,-
Wnt,- - -,Stefano Brizzolara,£5.4M - £16M,1.85,Greek Super League 1,-,-,0,-,-,-,-,-,5.9km,-,23.88,18.52,0,5.66,0,-,-,-,-,1.26,-,5.42,0,0,-,-,0,0%,78%,0,0,-,-,-
,- - -,Napoleon Adamakis,£300K - £900K,2.17,Greek Super League 1,-,-,0,-,-,-,-,-,5.1km,-,22.09,12.09,0,7.74,0,-,-,-,-,8.7,-,2.78,0.09,0,-,-,0,0%,55%,0,0,-,0.09,-
Wnt,- - -,Nemanja Šarić,£1.5K - £4K,0.71,Greek Super League 1,-,-,0,-,-,-,-,-,5.6km,-,22.03,10.62,0,7.48,0,-,-,-,-,7.81,-,2.06,0.03,0,-,-,0,0%,48%,0,0,-,0.03,-
Ret,- - -,Tadeusz Dabrowski,£0,0.95,Greek Super League 1,-,-,0,-,-,-,-,-,6.0km,-,21.97,13.37,0,7.79,0,-,-,-,-,6.87,-,3.95,0.03,0,-,-,0.03,33%,61%,0,0,-,0.03,-
,- - -,Romain Pinault,£8K - £24K,0.89,Greek Super League 1,-,-,0,-,-,-,-,-,6.1km,-,25.97,16.86,0,7.06,0,-,-,-,-,8.09,-,2.6,0,0,-,-,0.03,20%,65%,0,0,-,-,-
Wnt,- - -,Nuno Abreu,£500 - £2K,0.71,Greek Super League 1,-,-,0,-,-,-,-,-,5.0km,-,21.12,14.05,0,8.18,0,-,-,-,-,8.45,-,3.08,0.03,0,-,-,0.03,25%,67%,0,0,-,0.03,-
Wnt,- - -,Shigemasa Mimaki,£2.4M - £7.4M,1.64,Greek Super League 1,-,-,0,-,-,-,-,-,5.7km,-,21.62,15.09,0,6.81,0,-,-,-,-,7.31,-,3.79,0,0,-,-,0,0%,70%,0,0,-,-,-
Wnt,- - -,Marcelino Lee-Chong,£170K - £500K,1.49,Greek Super League 1,-,-,0,-,-,-,-,-,5.8km,-,22.87,14.38,0,6.41,0,-,-,-,-,7.81,-,3.16,0,0,-,-,0,0%,63%,0,0,-,-,-
,- - -,Bojan Janković,£0,1.33,Gibraltar Football League,-,-,0,-,-,-,-,-,3.0km,-,22.4,12.95,0,10.03,0,-,-,-,-,9.28,-,1.25,0,0,-,-,0,0%,58%,0,0,-,-,-
,- - -,Luke Hall,£0,1.14,Gibraltar Football League,-,-,0,-,-,-,-,-,5.7km,-,20.57,11.48,0,6.81,0,-,-,-,-,9.05,-,4.67,0.05,0,-,-,0,0%,56%,0,0,-,0.05,-
Int,- - -,Jesse Gomez,£0,1.69,Gibraltar Football League,-,-,0,-,-,-,-,-,5.9km,-,23.88,13.11,0,10.38,0,-,-,-,-,8.57,-,1.75,0,0,-,-,0.06,50%,55%,0,0,-,-,-
,- - -,Ole-Tobias Leganger,£10K - £30K,2.19,Gibraltar Football League,-,-,0,-,-,-,-,-,5.8km,-,22.5,9.19,0,4.69,0,-,-,-,-,8.62,-,3.25,0,0,-,-,0.12,100%,41%,0,0,-,-,-
,- - -,Nathan Storey,£0,0.73,Gibraltar Football League,-,-,0,-,-,-,-,-,5.0km,-,21,10.8,0,7.27,0,-,-,-,-,9.07,-,3.4,0,0,-,-,0,0%,51%,0,0,-,0.07,-
,- - -,Jamie Agnew,£5K - £14K,1.86,Gibraltar Football League,-,-,0,-,-,-,-,-,5.1km,-,21.44,13.73,0,6.39,0,-,-,-,-,7.91,-,2.43,0.1,0,-,-,0,0%,64%,0,0,-,0.1,-
Int,- - -,Péter Varga,£6K - £18K,2.08,Gibraltar Football League,-,-,0,-,-,-,-,-,5.3km,-,21.18,10.36,0,4.42,0,-,-,-,-,8.24,-,6.58,0,0,-,-,0.04,50%,49%,0,0,-,-,-
,- - -,James Middleton,£0,0.06,Gibraltar Football League,-,-,0,-,-,-,-,-,5.1km,-,21.52,8.04,0,10.38,0,-,-,-,-,8.53,-,0.69,0,0,-,-,0,0%,37%,0,0,-,-,-
,- - -,Miljan Majkić,£4K - £12K,1.26,Gibraltar Football League,-,-,0,-,-,-,-,-,4.9km,-,22.9,10.55,0,6.38,0,-,-,-,-,8.17,-,4.22,0,0,-,-,0,0%,46%,0,0,-,-,-
,- - -,Sam Laing,£4.5K - £14K,1.72,Gibraltar Football League,-,-,0,-,-,-,-,-,5.3km,-,21.05,12.33,0,5.23,0,-,-,-,-,8.37,-,2.73,0,0,-,-,-,-,59%,0,0,-,-,-
,- - -,Goran Lazić,£1.5K - £4K,0.75,Gibraltar Football League,-,-,0,-,-,-,-,-,5.5km,-,21.7,10.3,0,7.5,0,-,-,-,-,8.85,-,4.15,0,0,-,-,0,0%,47%,0,0,-,-,-
,- - -,Richard Banks,£0,0.85,Gibraltar Football League,-,-,0,-,-,-,-,-,4.4km,-,22.13,11.7,0,7.03,0,-,-,-,-,8.76,-,3.99,0,0,-,-,0,0%,53%,0,0,-,0.1,-
,- - -,Reece O'Leary,£12K - £35K,1.97,Gibraltar Football League,-,-,0,-,-,-,-,-,5.7km,-,22.61,14.63,0,5.82,0,-,-,-,-,7.87,-,5.34,0,0,-,-,-,-,65%,0,0,-,-,-
,- - -,Oskar Baranowski,£40K - £120K,2,Bundesliga,-,-,0,-,-,-,-,-,5.4km,-,22.76,16.48,0,9.24,0,-,-,-,-,7.5,-,3.05,0.09,0,-,-,0,0%,72%,0,0,-,0.09,-
Wnt,- - -,Hiago,£10.5M - £32M,2.24,Bundesliga,-,-,0,-,-,-,-,-,6.3km,-,32.19,27.54,0,7.25,0,-,-,-,-,5.39,-,3.61,0,0,-,-,0,0%,86%,0,0,-,-,-
Int,- - -,Junichi Ikeda,£31M - £92M,2.09,Bundesliga,-,-,0,-,-,-,-,-,5.9km,-,31.9,28.64,0,6.29,0,-,-,-,-,5.16,-,4.83,0,0,-,-,0,0%,90%,0,0,-,-,-
,- - -,Fabian Wolfram,Not for Sale,1.12,Bundesliga,-,-,0,-,-,-,-,-,5.5km,-,25.2,15.7,0,7.74,0,-,-,-,-,6.94,-,3.01,0.03,0,-,-,0,0%,62%,0,0,-,0.03,-
Int,- - -,Omar Darboe,£100K - £300K,0.92,Bundesliga,-,-,0,-,-,-,-,-,5.9km,-,26.38,17.42,0,8.3,0,-,-,-,-,6.99,-,2.31,0,0,-,-,0,0%,66%,0,0,-,-,-
Int,- - -,Rube Hilgers,£1.7M - £5M,1.93,Bundesliga,-,-,0,-,-,-,-,-,6.5km,-,31.58,28.77,0,6.2,0,-,-,-,-,1.47,-,4.35,0,0,-,-,0.07,50%,91%,0,0,-,-,-
Wnt,- - -,Lars Carstensen,£5.6M - £16.5M,1.24,Bundesliga,-,-,0,-,-,-,-,-,6.1km,-,24.27,17.84,0,6.59,0,-,-,-,-,1.15,-,4.71,0,0,-,-,0,0%,74%,0,0,-,-,-
Int,- - -,José Ramírez,£10.5M - £31M,1.67,Bundesliga,-,-,0,-,-,-,-,-,6.3km,-,25.22,22.48,0,7.43,0,-,-,-,-,0.87,-,4.84,0,0,-,-,0,0%,89%,0,0,-,-,-
,- - -,Ciro Luongo,£140K - £425K,0.67,Bundesliga,-,-,0,-,-,-,-,-,6.1km,-,23.65,18.71,0,6.22,0,-,-,-,-,1.41,-,3.87,0,0,-,-,0.03,14%,79%,0,0,-,-,-
,- - -,Calvin Niewöhner,£950K - £2.8M,1.1,Bundesliga,-,-,0,-,-,-,-,-,6.2km,-,23.79,17.72,0,6.87,0,-,-,-,-,1.03,-,4.03,0.03,0,-,-,0.03,50%,74%,0,0,-,0.03,-
Int,- - -,Ricardo Silva Santos,£27M - £82M,2.02,Bundesliga,-,-,0,-,-,-,-,-,6.1km,-,23.53,20.68,0,6.61,0,-,-,-,-,3.86,-,4.94,0,0,-,-,0,0%,88%,0,0,-,-,-
Int,- - -,Emil Bernhardsson,£1.6M - £4.8M,1.76,Bundesliga,-,-,0,-,-,-,-,-,6.0km,-,22.64,15.54,0,8.06,0,-,-,-,-,1.22,-,3.58,0.03,0,-,-,0.06,40%,69%,0,0,-,0.03,-
Int,- - -,Daniel Owczarek,£32M - £96M,1.53,Bundesliga,-,-,0,-,-,-,-,-,6.0km,-,27.9,24.93,0,4.87,0,-,-,-,-,3.67,-,4.07,0,0,-,-,0,0%,89%,0,0,-,-,-
Int,- - -,Adalberto Costa,£8.6M - £26M,1.76,Bundesliga,-,-,0,-,-,-,-,-,6.1km,-,23.75,18.2,0,5.86,0,-,-,-,-,1.41,-,4.23,0,0,-,-,0.05,40%,77%,0,0,-,-,-
,- - -,João Victor,£650K - £1.9M,0.97,Bundesliga,-,-,0,-,-,-,-,-,6.0km,-,21.77,13.89,0,9.66,0,-,-,-,-,6.97,-,3.09,0.03,0,-,-,0.09,30%,64%,0,0,-,0.03,-
Int,- - -,Marvin Kasongo,£3.3M - £10M,1.09,Bundesliga,-,-,0,-,-,-,-,-,5.3km,-,21.9,14.48,0,7.22,0,-,-,-,-,7.96,-,3.44,0,0,-,-,0,0%,66%,0,0,-,-,-
,- - -,Dom Diego,£2.1M - £6.2M,1.24,Bundesliga,-,-,0,-,-,-,-,-,6.0km,-,23.74,20.53,0,7.31,0,-,-,-,-,1.05,-,4.08,0,0,-,-,0.03,25%,87%,0,0,-,-,-
Wnt,- - -,Martin Andersson,£1.2M - £3.7M,0.97,Bundesliga,-,-,0,-,-,-,-,-,6.3km,-,22.05,17.63,0,6.91,0,-,-,-,-,4.75,-,3.82,0.03,0,-,-,0.03,11%,80%,0,0,-,0.03,-
,- - -,Yuri Cariolo,£850K - £2.6M,1.61,Bundesliga,-,-,0,-,-,-,-,-,5.6km,-,21.95,14.65,0,9.61,0,-,-,-,-,6.63,-,3.44,0,0,-,-,0.04,50%,67%,0,0,-,-,-
Int,- - -,Mads Achton,£42M - £127M,2.17,Bundesliga,-,-,0,-,-,-,-,-,6.3km,-,24.86,21.91,0,5.51,0,-,-,-,-,0.93,-,5.34,0,0,-,-,0.02,17%,88%,0,0,-,-,-
Int,- - -,Anatoliy Parkhomchik,Not for Sale,1.15,Ligue 1 Uber Eats,-,-,0,-,-,-,-,-,6.0km,-,25.21,21.52,0,6.42,0,-,-,-,-,1.09,-,5.21,0,0,-,-,0.09,30%,85%,0,0,-,-,-
,- - -,Luca Biglieri,Not for Sale,1.11,Ligue 1 Uber Eats,-,-,0,-,-,-,-,-,6.0km,-,26.66,19.2,0,7.86,0,-,-,-,-,0.64,-,4.59,0,0,-,-,0.03,17%,72%,0,0,-,-,-
,- - -,Petr Musil,£750K - £2.2M,1.21,Ligue 1 Uber Eats,-,-,0,-,-,-,-,-,5.9km,-,32.3,30.19,0,5.68,0,-,-,-,-,0.95,-,3.84,0,0,-,-,0,0%,93%,0,0,-,-,-
,- - -,Gilles Rodrigues,£22K - £70K,0.75,Ligue 1 Uber Eats,-,-,0,-,-,-,-,-,5.4km,-,22.11,15.06,0,9.35,0,-,-,-,-,7.85,-,3.57,0,0,-,-,0,0%,68%,0,0,-,-,-
,- - -,Torbjörn Schaaf,£325K - £950K,1,Ligue 1 Uber Eats,-,-,0,-,-,-,-,-,5.9km,-,25.67,18.63,0,6.63,0,-,-,-,-,7.24,-,4.21,0,0,-,-,0,0%,73%,0,0,-,-,-
Int,- - -,Benjamin Feser,£6.4M - £19M,2,Ligue 1 Uber Eats,-,-,0,-,-,-,-,-,5.8km,-,23.61,21.54,0,6.13,0,-,-,-,-,0.92,-,4.98,0,0,-,-,0,0%,91%,0,0,-,-,-
Wnt,- - -,Nicolás Domínguez,£24M - £71M,1.55,Ligue 1 Uber Eats,-,-,0,-,-,-,-,-,6.3km,-,23.72,21.48,0,6.59,0,-,-,-,-,4.67,-,4.35,0,0,-,-,0.06,100%,91%,0,0,-,-,-
Int,- - -,Ahmed Al-Dossari,£16.5M - £50M,1.09,Ligue 1 Uber Eats,-,-,0,-,-,-,-,-,6.2km,-,22.65,20.91,0,6.26,0,-,-,-,-,1.27,-,4.38,0,0,-,-,0,0%,92%,0,0,-,-,-
,- - -,Carlos Alcácer,Not for Sale,1.45,Ligue 1 Uber Eats,-,-,0,-,-,-,-,-,6.0km,-,26.23,23.81,0,6.45,0,-,-,-,-,1.32,-,4.23,0,0,-,-,0,0%,91%,0,0,-,-,-
Int,- - -,Mourad Bahloul,£27M - £80M,2.15,Ligue 1 Uber Eats,-,-,0,-,-,-,-,-,6.5km,-,32.18,28.78,0,5.83,0,-,-,-,-,4.7,-,4.22,0,0,-,-,0.02,20%,89%,0,0,-,-,-
Int,- - -,Guido Marzucchi,£3.8M - £11.5M,2,Ligue 1 Uber Eats,-,-,0,-,-,-,-,-,6.0km,-,28.58,24.78,0,6,0,-,-,-,-,0.89,-,5.47,0,0,-,-,0.03,50%,87%,0,0,-,-,-
Int,- - -,Mustapha Sauvage,£46M - £139M,1.19,Ligue 1 Uber Eats,-,-,0,-,-,-,-,-,6.1km,-,31.77,27.89,0,4.42,0,-,-,-,-,0.46,-,4.86,0,0,-,-,0.07,38%,88%,0,0,-,-,-
Int,- - -,Frank Yeboah,£2.3M - £6.8M,0.56,Ligue 1 Uber Eats,-,-,0,-,-,-,-,-,5.5km,-,22.33,13.82,0,6.51,0,-,-,-,-,4.93,-,3.43,0.03,0,-,-,0.03,17%,62%,0,0,-,0.03,-
Int,- - -,Paulo José,£800K - £2.4M,1.6,Ligue 1 Uber Eats,-,-,0,-,-,-,-,-,6.4km,-,23.84,19.52,0,6.86,0,-,-,-,-,1,-,4.67,0,0,-,-,0.03,33%,82%,0,0,-,-,-
Int,- - -,Pape Diouf,Not for Sale,1.66,Ligue 1 Uber Eats,-,-,0,-,-,-,-,-,6.3km,-,31.2,27.51,0,2.6,0,-,-,-,-,0.77,-,6.87,0,0,-,-,0,0%,88%,0,0,-,-,-
Int,- - -,Edwin Ladines,£8.8M - £26M,1.19,Ligue 1 Uber Eats,-,-,0,-,-,-,-,-,5.4km,-,22.9,15.75,0,7.38,0,-,-,-,-,7.58,-,4.15,0,0,-,-,0.03,25%,69%,0,0,-,-,-
,- - -,Jair,£650K - £2M,0.82,Ligue 1 Uber Eats,-,-,0,-,-,-,-,-,5.8km,-,22.71,17.15,0,6.24,0,-,-,-,-,5.44,-,4.29,0,0,-,-,0.06,33%,76%,0,0,-,-,-
Int,- - -,Aljaž Cipot,£3M - £9M,1.71,Ligue 1 Uber Eats,-,-,0,-,-,-,-,-,6.2km,-,30.42,28.51,0,6.02,0,-,-,-,-,1.31,-,4.12,0,0,-,-,0,0%,94%,0,0,-,-,-
Int,- - -,Salim Dehbi,£63M - £188M,1.9,Ligue 1 Uber Eats,-,-,0,-,-,-,-,-,6.0km,-,31.76,27.72,0,7.45,0,-,-,-,-,4.62,-,3.17,0,0,-,-,0.02,17%,87%,0,0,-,-,-
,- - -,Xavier Brasseur,£1.4M - £4.1M,1.29,Ligue 1 Uber Eats,-,-,0,-,-,-,-,-,5.5km,-,21.07,11.63,0,7.76,0,-,-,-,-,6.73,-,2.56,0,0,-,-,-,-,55%,0,0,-,-,-
Int,- - -,Christian Holm,£34M - £102M,2.1,Ligue 1 Uber Eats,-,-,0,-,-,-,-,-,6.0km,-,25.07,22.2,0,4.88,0,-,-,-,-,0.61,-,5.86,0,0,-,-,0.03,25%,89%,0,0,-,-,-
,- - -,Marko Nylund,£55K - £170K,1.25,Finnish Premier League,-,-,0,-,-,-,-,-,5.0km,-,20.42,10.58,0,6.5,0,-,-,-,-,8.92,-,3.25,0,0,-,-,0,0%,52%,0,0,-,-,-
,- - -,Bruno Ivić,£40K - £110K,1.31,Finnish Premier League,-,-,0,-,-,-,-,-,5.2km,-,22.19,12.38,0,7.31,0,-,-,-,-,9.12,-,2.56,0,0,-,-,-,-,56%,0,0,-,-,-
,- - -,Ostap Vozniuk,£0,0.93,Finnish Premier League,-,-,0,-,-,-,-,-,4.8km,-,21.87,10.53,0,7.27,0,-,-,-,-,8.53,-,1.8,0.07,0,-,-,0,0%,48%,0,0,-,0.07,-
,- - -,Behlül Cicimen,£65K - £190K,1.67,Finnish Premier League,-,-,0,-,-,-,-,-,5.5km,-,22.16,15.76,0,5.05,0,-,-,-,-,6.67,-,5.12,0,0,-,-,-,-,71%,0,0,-,-,-
,- - -,Egill Kristjánsson,£160K - £475K,1.83,Finnish Premier League,-,-,0,-,-,-,-,-,5.4km,-,22.43,13.44,0,6.3,0,-,-,-,-,6.95,-,3.34,0,0,-,-,0,0%,60%,0,0,-,-,-
,- - -,Antti Puro,£90K - £275K,1.25,Finnish Premier League,-,-,0,-,-,-,-,-,5.9km,-,22.67,10.43,0,6.64,0,-,-,-,-,8.62,-,4.83,0,0,-,-,-,-,46%,0,0,-,-,-
,- - -,Yaroslav Shyriaev,£45K - £140K,1.5,Finnish Premier League,-,-,0,-,-,-,-,-,5.6km,-,22.17,13.41,0,7.33,0,-,-,-,-,9.35,-,5.76,0,0,-,-,0,0%,60%,0,0,-,-,-
,- - -,Andrea Zaninetti,Not for Sale,2.31,Finnish Premier League,-,-,0,-,-,-,-,-,5.6km,-,27.02,18.87,0,5,0,-,-,-,-,7.02,-,5.48,0.08,0,-,-,-,-,70%,0,0,-,0.08,-
,- - -,Juha Leppänen,£16K - £45K,1,Finnish Premier League,-,-,0,-,-,-,-,-,5.5km,-,20.86,10.61,0,8.01,0,-,-,-,-,8.67,-,2.12,0,0,-,-,0.06,50%,51%,0,0,-,-,-
,- - -,Galip Uyar,Not for Sale,2.08,Finnish Premier League,-,-,0,-,-,-,-,-,4.0km,-,21.85,9.23,0,5.15,0,-,-,-,-,8.77,-,4.92,0.08,0,-,-,-,-,42%,0,0,-,0.08,-
,- - -,Vladimir Voronov,£40K - £120K,1.24,Finnish Premier League,-,-,0,-,-,-,-,-,5.9km,-,22.12,10.94,0,6.18,0,-,-,-,-,6.82,-,4.29,0,0,-,-,0,0%,49%,0,0,-,-,-
Unh,- - -,Vesa Kuusisto,£65K - £200K,0.62,Finnish Premier League,-,-,0,-,-,-,-,-,5.3km,-,21.06,9.69,0,7.88,0,-,-,-,-,8.38,-,2.75,0,0,-,-,0.06,100%,46%,0,0,-,0.25,-
,- - -,Santiago Staiger,Not for Sale,2.26,English Premier Division,-,-,0,-,-,-,-,-,6.7km,-,31.36,28.24,0,3.03,0,-,-,-,-,0.63,-,5.58,0,0,-,-,0.02,17%,90%,0,0,-,-,-
Wnt,- - -,Valerio Cesetti,£15M - £45M,0.66,English Premier Division,-,-,0,-,-,-,-,-,6.4km,-,28.5,25.66,0,7.89,0,-,-,-,-,6.24,-,3.03,0,0,-,-,0.05,25%,90%,0,0,-,-,-
Wnt,- - -,Óscar Duarte,£14M - £42M,1.38,English Premier Division,-,-,0,-,-,-,-,-,6.0km,-,24.65,19.5,0,8.75,0,-,-,-,-,1.26,-,3.03,0,0,-,-,0.03,20%,79%,0,0,-,-,-
,- - -,Neil Merritt,£6M - £18M,1.18,English Premier Division,-,-,0,-,-,-,-,-,6.0km,-,23.5,19.98,0,8.19,0,-,-,-,-,0.69,-,2.75,0.03,0,-,-,0,0%,85%,0,0,-,0.03,-
Wnt,- - -,Claudio Núñez,£6.2M - £19M,2.67,English Premier Division,-,-,0,-,-,-,-,-,6.0km,-,28.78,25.86,0,4.22,0,-,-,-,-,0.97,-,4.05,0,0,-,-,0,0%,90%,0,0,-,-,-
Int,- - -,Deymesson Júnior,Not for Sale,2.05,English Premier Division,-,-,0,-,-,-,-,-,6.4km,-,32.28,28.34,0,6.13,0,-,-,-,-,4.35,-,4,0.02,0,-,-,0,0%,88%,0,0,-,0.02,-
Int,- - -,Patryk Stępień,£34M - £103M,2,English Premier Division,-,-,0,-,-,-,-,-,6.4km,-,29.48,25.79,0,6.74,0,-,-,-,-,6.19,-,4.31,0,0,-,-,-,-,88%,0,0,-,-,-
Wnt,- - -,Toby Geegan,£140K - £425K,1.08,English Premier Division,-,-,0,-,-,-,-,-,5.4km,-,22.19,12.91,0,7.96,0,-,-,-,-,7.34,-,2.3,0,0,-,-,0,0%,58%,0,0,-,-,-
,- - -,Callum Walker,£6.6M - £19.5M,1.14,English Premier Division,-,-,0,-,-,-,-,-,6.1km,-,23.93,19.14,0,6.85,0,-,-,-,-,4.34,-,3.22,0,0,-,-,0,0%,80%,0,0,-,-,-
Wnt,- - -,Ibrahima War,£180K - £550K,1.56,English Premier Division,-,-,0,-,-,-,-,-,6.0km,-,31.75,23.66,0,7.23,0,-,-,-,-,1.18,-,4.12,0,0,-,-,0.03,100%,75%,0,0,-,-,-
Int,- - -,Heron,£66M - £198M,2.14,English Premier Division,-,-,0,-,-,-,-,-,6.6km,-,31.85,28.47,0,3.09,0,-,-,-,-,0.8,-,6.61,0,0,-,-,0,0%,89%,0,0,-,-,-
Int,- - -,Josh Thomas,£2.2M - £6.6M,1.23,English Premier Division,-,-,0,-,-,-,-,-,5.2km,-,21.98,14.81,0,9.14,0,-,-,-,-,7.52,-,3.76,0,0,-,-,0,0%,67%,0,0,-,-,-
,- - -,Mathias Bach,£2.6M - £7.8M,0.71,English Premier Division,-,-,0,-,-,-,-,-,6.4km,-,24.42,16.75,0,8.15,0,-,-,-,-,2.13,-,4.25,0,0,-,-,0,0%,69%,0,0,-,-,-
Wnt,- - -,Sebastian Bendig,£9.4M - £28M,0.73,English Premier Division,-,-,0,-,-,-,-,-,6.1km,-,24.12,21.18,0,7.06,0,-,-,-,-,0.61,-,4.03,0,0,-,-,0,0%,88%,0,0,-,-,-
Trn,- - -,Hernán Guillén,£18M,0.92,English Premier Division,-,-,0,-,-,-,-,-,6.3km,-,24.12,19.81,0,7.25,0,-,-,-,-,5.64,-,3.67,0.03,0,-,-,0.03,14%,82%,0,0,-,0.03,-
Int,- - -,Connor White,£66M - £198M,2.25,English Premier Division,-,-,0,-,-,-,-,-,5.9km,-,32.15,29.25,0,3.81,0,-,-,-,-,0.7,-,5.54,0,0,-,-,0.02,20%,91%,0,0,-,-,-
Wnt,- - -,Jack Plant,£8.4M - £25M,1.19,English Premier Division,-,-,0,-,-,-,-,-,6.1km,-,26.43,22.44,0,8.81,0,-,-,-,-,2.17,-,2.55,0,0,-,-,0.09,60%,85%,0,0,-,-,-
Int,- - -,Ste Wilson,£72M - £216M,1.62,English Premier Division,-,-,0,-,-,-,-,-,6.4km,-,28.56,25.16,0,3.91,0,-,-,-,-,0.72,-,4.7,0,0,-,-,0.02,33%,88%,0,0,-,-,-
,- - -,Andy Ashton,Not for Sale,1.06,English Premier Division,-,-,0,-,-,-,-,-,6.5km,-,23.69,20.63,0,6.67,0,-,-,-,-,0.96,-,4.41,0,0,-,-,0.06,33%,87%,0,0,-,-,-
,- - -,Tom O'Donnell,£4.1M - £12.5M,0.86,English Premier Division,-,-,0,-,-,-,-,-,6.0km,-,23.6,13.95,0,7.51,0,-,-,-,-,1.54,-,3.86,0,0,-,-,0.03,17%,59%,0,0,-,-,-
,- - -,Nurudeen Hammond,£300K - £850K,1.7,English Premier Division,-,-,0,-,-,-,-,-,5.4km,-,21.31,13.94,0,9.92,0,-,-,-,-,7.61,-,3.54,0.04,0,-,-,0,0%,65%,0,0,-,0.04,-
Int,- - -,Zoran Krstić,£46M - £139M,1.96,English Premier Division,-,-,0,-,-,-,-,-,6.1km,-,28.97,25.69,0,6.22,0,-,-,-,-,0.9,-,4.63,0,0,-,-,0.02,25%,89%,0,0,-,-,-
Int,- - -,Jesper Christensen,£7.8M - £23M,1.45,English Premier Division,-,-,0,-,-,-,-,-,6.3km,-,31.92,28.6,0,6.12,0,-,-,-,-,5.86,-,3.38,0,0,-,-,0,0%,90%,0,0,-,-,-
Int,- - -,Jon-Helge Bull-Tornøe,£3.6M - £11M,1.05,English Premier Division,-,-,0,-,-,-,-,-,6.3km,-,25.48,22.8,0,7.81,0,-,-,-,-,6.03,-,4.22,0,0,-,-,0.03,17%,89%,0,0,-,-,-
Int,- - -,Thomas Boubas,£52M - £156M,1.8,English Premier Division,-,-,0,-,-,-,-,-,6.1km,-,28.67,26.08,0,2.72,0,-,-,-,-,0.74,-,6.25,0,0,-,-,0.06,30%,91%,0,0,-,-,-
Wnt,- - -,Sergey Zhelaga,£130K - £400K,0.96,3F Superliga,-,-,0,-,-,-,-,-,5.7km,-,22.13,14.71,0,7.07,0,-,-,-,-,7.38,-,4.11,0,0,-,-,0,0%,66%,0,0,-,-,-
Wnt,- - -,Jens Walsted,£325K - £1M,1.07,3F Superliga,-,-,0,-,-,-,-,-,5.5km,-,22.55,16.01,0,6.43,0,-,-,-,-,7.02,-,2.97,0,0,-,-,0,0%,71%,0,0,-,-,-
Wnt,- - -,Eivind Leirvik Hønnås,£35K - £110K,1.29,3F Superliga,-,-,0,-,-,-,-,-,5.8km,-,22.2,13.94,0,5.83,0,-,-,-,-,7.75,-,4.65,0,0,-,-,0,0%,63%,0,0,-,-,-
,- - -,Johnny Knudsen,Not for Sale,1.45,3F Superliga,-,-,0,-,-,-,-,-,5.2km,-,25.09,16.55,0,6.73,0,-,-,-,-,7.42,-,3.09,0,0,-,-,0,0%,66%,0,0,-,-,-
,- - -,Thomas Broby,£750K - £2.2M,2.42,3F Superliga,-,-,0,-,-,-,-,-,5.4km,-,24.04,16.13,0,5.27,0,-,-,-,-,7.59,-,5.55,0,0,-,-,0.04,33%,67%,0,0,-,-,-
Int,- - -,Vik Šolić,£7.2M - £22M,1.7,3F Superliga,-,-,0,-,-,-,-,-,5.8km,-,22.28,17.28,0,5.8,0,-,-,-,-,2.98,-,3.51,0,0,-,-,0.08,43%,78%,0,0,-,-,-
,- - -,Segun Nwankwo,£850K - £2.6M,1.87,3F Superliga,-,-,0,-,-,-,-,-,5.8km,-,20.89,15.27,0,7.08,0,-,-,-,-,7.29,-,2.29,0,0,-,-,-,-,73%,0,0,-,-,-
Int,- - -,Timur Smailov,£110K - £350K,1.47,3F Superliga,-,-,0,-,-,-,-,-,5.5km,-,21.73,15.87,0,7.2,0,-,-,-,-,7.13,-,3.73,0.07,0,-,-,0.07,25%,73%,0,0,-,0.07,-
,- - -,Carsten Høvenhoff,£450K - £1.3M,1.47,3F Superliga,-,-,0,-,-,-,-,-,5.4km,-,21.07,12.34,0,6.85,0,-,-,-,-,8.28,-,2.33,0,0,-,-,0,0%,59%,0,0,-,-,-
,- - -,Morten Lyngsfeldt,£7M - £21M,1.83,3F Superliga,-,-,0,-,-,-,-,-,5.7km,-,24.83,15.71,0,6.17,0,-,-,-,-,6.76,-,3.34,0,0,-,-,0,0%,63%,0,0,-,-,-
,- - -,Mathias Lauritsen,£45K - £130K,1.44,3F Superliga,-,-,0,-,-,-,-,-,5.9km,-,20.96,12.16,0,8.55,0,-,-,-,-,7.23,-,3.37,0,0,-,-,0,0%,58%,0,0,-,-,-
Wnt,- - -,Simone Massaro,£95K - £275K,1.18,3F Superliga,-,-,0,-,-,-,-,-,5.2km,-,25.78,18.78,0,6.7,0,-,-,-,-,6.36,-,5.6,0,0,-,-,0,0%,73%,0,0,-,-,-
Wnt,- - -,Brian Juul,£500K - £1.5M,0.94,3F Superliga,-,-,0,-,-,-,-,-,5.6km,-,22.55,16.73,0,6.25,0,-,-,-,-,7.75,-,3.16,0.03,0,-,-,0.03,33%,74%,0,0,-,0.03,-
,- - -,Isak Vadseth,£500K - £1.5M,1.49,3F Superliga,-,-,0,-,-,-,-,-,5.3km,-,24.32,18.64,0,5.68,0,-,-,-,-,7.31,-,5.01,0.03,0,-,-,0.03,50%,77%,0,0,-,0.03,-
,- - -,Casper Bech,£1.5M - £4.6M,1.41,3F Superliga,-,-,0,-,-,-,-,-,5.4km,-,23.4,14.33,0,7.07,0,-,-,-,-,6.51,-,2.68,0.04,0,-,-,0.04,25%,61%,0,0,-,0.04,-
Int,- - -,Joseph Amoako,£350K - £1M,1.57,3F Superliga,-,-,0,-,-,-,-,-,5.4km,-,22.89,15.72,0,5.55,0,-,-,-,-,6.49,-,4.95,0.05,0,-,-,0.03,17%,69%,0,0,-,0.05,-
,- - -,Lukas Lundberg,£350K - £1M,0.93,3F Superliga,-,-,0,-,-,-,-,-,5.2km,-,22.32,12.64,0,6.23,0,-,-,-,-,6.55,-,4.13,0,0,-,-,0.04,25%,57%,0,0,-,-,-
,- - -,Kryštof Víšek,£350K - £1M,1.8,Czech First Division,-,-,0,-,-,-,-,-,5.6km,-,22.24,13.48,0,8.62,0,-,-,-,-,6.92,-,2.73,0,0,-,-,0,0%,61%,0,0,-,-,-
,- - -,Jakub Beneš,£800K - £2.5M,1.7,Czech First Division,-,-,0,-,-,-,-,-,5.9km,-,22.14,15.56,0,6.84,0,-,-,-,-,6.58,-,4.35,0.02,0,-,-,0.05,50%,70%,0,0,-,0.02,-
Inj,- - -,Ádám Sándor Stoiacovici,Not for Sale,1.54,Czech First Division,-,-,0,-,-,-,-,-,5.2km,-,22.85,16.54,0,6.06,0,-,-,-,-,7.7,-,5.08,0.04,0,-,-,0.04,33%,72%,0,0,-,0.04,-
,- - -,Pavel Hanich,£85K - £250K,1.35,Czech First Division,-,-,0,-,-,-,-,-,5.3km,-,21.65,11.86,0,7.19,0,-,-,-,-,7.59,-,3.8,0,0,-,-,0,0%,55%,0,0,-,-,-
Int,- - -,Emmanuel Jackson,£230K - £700K,1.39,Czech First Division,-,-,0,-,-,-,-,-,5.4km,-,21.98,15.51,0,6.05,0,-,-,-,-,7.14,-,4.49,0,0,-,-,0,0%,71%,0,0,-,-,-
,- - -,Dan Zítka,£160K - £475K,0.92,Czech First Division,-,-,0,-,-,-,-,-,5.6km,-,22.16,14.92,0,6.95,0,-,-,-,-,7.43,-,2.91,0,0,-,-,0,0%,67%,0,0,-,-,-
Wnt,- - -,Vlastimil Hájek,£180K - £550K,0.96,Czech First Division,-,-,0,-,-,-,-,-,5.2km,-,21.6,14.94,0,6.74,0,-,-,-,-,7.73,-,4.4,0.04,0,-,-,0.08,33%,69%,0,0,-,0.04,-
Int,- - -,Petr Kuncl,Not for Sale,1.49,Czech First Division,-,-,0,-,-,-,-,-,5.8km,-,23.76,16.22,0,5.49,0,-,-,-,-,6.67,-,4.31,0.04,0,-,-,0.02,33%,68%,0,0,-,0.04,-
,- - -,Jiří Klinka,£60K - £180K,1.5,Czech First Division,-,-,0,-,-,-,-,-,5.7km,-,22.08,12.82,0,8.4,0,-,-,-,-,8.22,-,2.72,0.07,0,-,-,0.04,100%,58%,0,0,-,0.07,-
,- - -,Arman Omerovic,£220K - £650K,2.07,Czech First Division,-,-,0,-,-,-,-,-,5.6km,-,26.73,19.03,0,5.23,0,-,-,-,-,6.62,-,4.89,0,0,-,-,0,0%,71%,0,0,-,-,-
Int,- - -,Johnny Robinson,£1.6M - £4.7M,1.37,Czech First Division,-,-,0,-,-,-,-,-,5.7km,-,26.88,17.94,0,6.06,0,-,-,-,-,6.89,-,3.01,0,0,-,-,0.07,50%,67%,0,0,-,-,-
Inj,- - -,Filip Krejčí,£24K - £70K,1.11,Czech First Division,-,-,0,-,-,-,-,-,5.5km,-,22.12,14.75,0,7.09,0,-,-,-,-,7.45,-,4.7,0,0,-,-,0,0%,67%,0,0,-,-,-
,- - -,Jan Kúdela,£220K - £650K,1.56,Czech First Division,-,-,0,-,-,-,-,-,5.0km,-,22.05,11.28,0,10.5,0,-,-,-,-,8.69,-,1.3,0,0,-,-,-,-,51%,0,0,-,-,-
Wnt,- - -,Dávid Jakab,£650K - £2M,1.56,Czech First Division,-,-,0,-,-,-,-,-,5.5km,-,21.98,16.2,0,6.51,0,-,-,-,-,6.25,-,4.09,0.03,0,-,-,0,0%,74%,0,0,-,0.03,-
Wnt,- - -,Jiří Kohout,£750K - £2.3M,0.97,Czech First Division,-,-,0,-,-,-,-,-,6.1km,-,26.77,16.95,0,5.42,0,-,-,-,-,7.83,-,4.82,0.04,0,-,-,0.04,50%,63%,0,0,-,0.04,-
,- - -,Oldřich Polášek,£250K - £750K,2.06,Czech First Division,-,-,0,-,-,-,-,-,4.7km,-,22.52,12.02,0,8.41,0,-,-,-,-,9.17,-,1.41,0.07,0,-,-,0.04,33%,53%,0,0,-,0.07,-
,- - -,Yacouba Daouda,£800K - £2.4M,1.32,Czech First Division,-,-,0,-,-,-,-,-,5.7km,-,21.58,13.81,0,5.89,0,-,-,-,-,7.39,-,3.5,0.03,0,-,-,0,0%,64%,0,0,-,0.03,-
Int,- - -,Yvan Onana,£110K - £325K,1.29,Czech First Division,-,-,0,-,-,-,-,-,5.9km,-,26.88,18.06,0,4.62,0,-,-,-,-,7.04,-,4.5,0,0,-,-,0,0%,67%,0,0,-,-,-
,- - -,Diego Uljanić,£45K - £130K,2.12,Croatian First League,-,-,0,-,-,-,-,-,5.5km,-,22.14,13.49,0,7.13,0,-,-,-,-,6.89,-,3.68,0.06,0,-,-,0.02,17%,61%,0,0,-,0.06,-
Int,- - -,Slavin Alilhodžić,£2.2M - £6.4M,0.94,Croatian First League,-,-,0,-,-,-,-,-,5.6km,-,24.54,17.7,0,5.01,0,-,-,-,-,5.01,-,4.2,0,0,-,-,0.09,43%,72%,0,0,-,-,-
,- - -,Karlo Igor Nezirović,£1.2M - £3.6M,1.5,Croatian First League,-,-,0,-,-,-,-,-,5.7km,-,25.89,16.46,0,6.97,0,-,-,-,-,7.78,-,4.02,0,0,-,-,0.1,50%,64%,0,0,-,-,-
,- - -,Mikael Mannaert,£325K - £950K,1.28,Croatian First League,-,-,0,-,-,-,-,-,5.3km,-,23.03,13.09,0,6.37,0,-,-,-,-,7.1,-,5.38,0,0,-,-,0,0%,57%,0,0,-,-,-
,- - -,Frederik Hellwig,Not for Sale,1.82,Croatian First League,-,-,0,-,-,-,-,-,5.3km,-,25.28,15.21,0,6.37,0,-,-,-,-,7.08,-,4.74,0,0,-,-,0.03,33%,60%,0,0,-,-,-
,- - -,Matej Hodak,£22K - £65K,0.88,Croatian First League,-,-,0,-,-,-,-,-,5.4km,-,21.35,12.86,0,7.99,0,-,-,-,-,7.86,-,4.33,0,0,-,-,0.04,20%,60%,0,0,-,-,-
,- - -,Jakob Stark,£70K - £210K,0.92,Croatian First League,-,-,0,-,-,-,-,-,5.5km,-,22.25,11.92,0,7.07,0,-,-,-,-,7.12,-,2.63,0,0,-,-,0.03,14%,54%,0,0,-,-,-
,- - -,Douglas Souza,£6.8M - £20M,1.41,Croatian First League,-,-,0,-,-,-,-,-,5.3km,-,21.39,12.41,0,7.53,0,-,-,-,-,7.17,-,5.36,0,0,-,-,0.06,33%,58%,0,0,-,-,-
,- - -,Iban Franco,£600K - £1.8M,1.26,Croatian First League,-,-,0,-,-,-,-,-,5.8km,-,24.08,15.51,0,5.04,0,-,-,-,-,7.7,-,5.09,0,0,-,-,-,-,64%,0,0,-,-,-
Int,- - -,Saido Gomes,£65K - £190K,1.85,Croatian First League,-,-,0,-,-,-,-,-,5.5km,-,23.92,15.35,0,6.5,0,-,-,-,-,7.55,-,4.68,0,0,-,-,0.06,33%,64%,0,0,-,-,-
,- - -,Aurélien Moulin,Not for Sale,0.84,Croatian First League,-,-,0,-,-,-,-,-,5.3km,-,21.97,16.59,0,7.66,0,-,-,-,-,6.69,-,3.91,0,0,-,-,0,0%,76%,0,0,-,-,-
Inj,- - -,Lawrence Sarpong,£80K - £240K,1.67,Bulgarian First League,-,-,0,-,-,-,-,-,5.9km,-,25.99,14.25,0,5.56,0,-,-,-,-,7.39,-,4.04,0.08,0,-,-,0,0%,55%,0,0,-,0.08,-
Int,- - -,Ricardo Silva,£22K - £70K,1.4,Bulgarian First League,-,-,0,-,-,-,-,-,5.5km,-,25.93,16.12,0,5.8,0,-,-,-,-,7.73,-,4.33,0,0,-,-,0,0%,62%,0,0,-,-,-
Wnt,- - -,Enzo Montero,£500K - £1.5M,0.88,Bulgarian First League,-,-,0,-,-,-,-,-,5.3km,-,22.37,16.42,0,6.57,0,-,-,-,-,6.15,-,4,0,0,-,-,0,0%,73%,0,0,-,-,-
Wnt,- - -,Jhonny Ramírez,£35K - £100K,1.11,Bulgarian First League,-,-,0,-,-,-,-,-,5.7km,-,21.57,14.86,0,9.38,0,-,-,-,-,6.24,-,3.32,0,0,-,-,0.05,50%,69%,0,0,-,-,-
,- - -,Pierre Causse,£65K - £190K,1.14,Bulgarian First League,-,-,0,-,-,-,-,-,5.1km,-,21.01,12.21,0,7.28,0,-,-,-,-,7.34,-,2.96,0,0,-,-,0.03,20%,58%,0,0,-,-,-
Wnt,- - -,Valentin Hazurov,£300K - £850K,1.21,Bulgarian First League,-,-,0,-,-,-,-,-,5.4km,-,22.89,14.46,0,5.62,0,-,-,-,-,6.22,-,5.02,0,0,-,-,0.06,67%,63%,0,0,-,-,-
,- - -,João Santos,£475K - £1.4M,1.21,Bulgarian First League,-,-,0,-,-,-,-,-,6.1km,-,22.17,14.37,0,6.72,0,-,-,-,-,7.71,-,3.57,0,0,-,-,0,0%,65%,0,0,-,-,-
,- - -,Mark Price,£2M - £6M,1.52,Bulgarian First League,-,-,0,-,-,-,-,-,5.6km,-,25.28,16.56,0,7.04,0,-,-,-,-,7.55,-,3.46,0,0,-,-,0.03,33%,65%,0,0,-,-,-
Int,- - -,Petar Stoyanov,£110K - £325K,0.82,Bulgarian First League,-,-,0,-,-,-,-,-,5.2km,-,23.23,13.97,0,7.44,0,-,-,-,-,8.23,-,2.68,0,0,-,-,0.04,25%,60%,0,0,-,-,-
,- - -,Dimitar Tilev,£40K - £120K,1.14,Bulgarian First League,-,-,0,-,-,-,-,-,5.5km,-,21.25,12.62,0,7.5,0,-,-,-,-,8.24,-,3.88,0,0,-,-,0.06,33%,59%,0,0,-,-,-
,- - -,Krum Slavov,£350K - £1M,1.09,Bulgarian First League,-,-,0,-,-,-,-,-,5.6km,-,21.25,13.58,0,6.29,0,-,-,-,-,7.87,-,2.86,0,0,-,-,0.07,67%,64%,0,0,-,-,-
Wnt,- - -,Angel Naydenov,£110K - £350K,1.13,Bulgarian First League,-,-,0,-,-,-,-,-,5.6km,-,22.13,14.88,0,5.46,0,-,-,-,-,7.72,-,4.09,0.03,0,-,-,0.03,33%,67%,0,0,-,0.03,-
Int,- - -,Sulayman Sawaneh,£1.9M - £5.6M,1.75,Bulgarian First League,-,-,0,-,-,-,-,-,6.0km,-,23.09,18.81,0,7.12,0,-,-,-,-,5.82,-,4.55,0,0,-,-,0.03,33%,81%,0,0,-,-,-
,- - -,Zoran Milenković,Not for Sale,1.55,Bulgarian First League,-,-,0,-,-,-,-,-,5.6km,-,22.24,13.56,0,6.13,0,-,-,-,-,6.77,-,3.67,0,0,-,-,0.03,33%,61%,0,0,-,-,-
Int,- - -,Yamoussa Sylla,£600K - £1.8M,1.26,Bulgarian First League,-,-,0,-,-,-,-,-,6.1km,-,22.13,14.55,0,5.49,0,-,-,-,-,7.38,-,4.53,0,0,-,-,0,0%,66%,0,0,-,-,-
Wnt,- - -,Alban Gerard,£3.5M - £10.5M,1.95,Bulgarian First League,-,-,0,-,-,-,-,-,6.2km,-,23.79,18.64,0,5.84,0,-,-,-,-,3.62,-,4.98,0.03,0,-,-,0,0%,78%,0,0,-,0.03,-
Ret,- - -,Roy Jacobs,£3.5K - £10K,1.16,Jupiler Pro League,-,-,0,-,-,-,-,-,5.8km,-,22.86,15.16,0,6.49,0,-,-,-,-,6.25,-,3.41,0,0,-,-,0,0%,66%,0,0,-,-,-
Int,- - -,Christian Onana,£2.6M - £7.8M,1.1,Jupiler Pro League,-,-,0,-,-,-,-,-,5.5km,-,26.53,17.98,0,5.79,0,-,-,-,-,7.44,-,4.93,0,0,-,-,0.03,33%,68%,0,0,-,-,-
,- - -,Paulo Cunha,Not for Sale,1.24,Jupiler Pro League,-,-,0,-,-,-,-,-,5.4km,-,21.47,12.9,0,6.19,0,-,-,-,-,6.97,-,3.97,0,0,-,-,0,0%,60%,0,0,-,-,-
Int,- - -,Sofiane Zouani,£7.8M - £24M,2.02,Jupiler Pro League,-,-,0,-,-,-,-,-,5.9km,-,22.41,16.39,0,5.97,0,-,-,-,-,5.04,-,4.19,0.02,0,-,-,0.02,17%,73%,0,0,-,0.02,-
,- - -,Damien Lepretre,£3.8M - £11.5M,1.36,Jupiler Pro League,-,-,0,-,-,-,-,-,5.2km,-,21.65,12.8,0,7.76,0,-,-,-,-,6.98,-,4.03,0,0,-,-,0,0%,59%,0,0,-,-,-
,- - -,Emilien Hendrickx,£350K - £1M,1.17,Jupiler Pro League,-,-,0,-,-,-,-,-,5.9km,-,22.76,16.5,0,6.44,0,-,-,-,-,6.82,-,3.05,0,0,-,-,0,0%,73%,0,0,-,-,-
Opt,- - -,Joffrey Rigal,£0,0.73,Jupiler Pro League,-,-,0,-,-,-,-,-,5.5km,-,21.09,12.27,0,7.24,0,-,-,-,-,8,-,2.39,0.03,0,-,-,0.03,20%,58%,0,0,-,0.03,-
Wnt,- - -,Oleh Shvets,£3K - £9K,0.75,Jupiler Pro League,-,-,0,-,-,-,-,-,5.7km,-,22.01,15.27,0,8.13,0,-,-,-,-,6.75,-,2.64,0,0,-,-,0,0%,69%,0,0,-,-,-
Unh,- - -,Ovidiu Niculcea,£600K - £1.7M,1.5,Jupiler Pro League,-,-,0,-,-,-,-,-,5.8km,-,23.22,14.36,0,6.82,0,-,-,-,-,6.95,-,4.63,0,0,-,-,0.04,33%,62%,0,0,-,-,-
Wnt,- - -,Saša Matović,£250K - £750K,1,Jupiler Pro League,-,-,0,-,-,-,-,-,5.8km,-,21.74,13.48,0,9.24,0,-,-,-,-,7.35,-,3.79,0.15,0,-,-,0.08,50%,62%,0,0,-,0.15,-
Int,- - -,Vladimir Stojanović,£5.8M - £17M,1.86,Jupiler Pro League,-,-,0,-,-,-,-,-,6.2km,-,23.2,17.57,0,7.49,0,-,-,-,-,1.1,-,3.98,0.02,0,-,-,0.05,50%,76%,0,0,-,0.02,-
,- - -,Rémond Loppy,£2.1M - £6.2M,1.18,Jupiler Pro League,-,-,0,-,-,-,-,-,6.1km,-,22.21,13.49,0,7.78,0,-,-,-,-,7.09,-,4.8,0.03,0,-,-,0.03,50%,61%,0,0,-,0.03,-
Wnt,- - -,Alessio Poziello,£1.2M - £3.6M,1.47,Jupiler Pro League,-,-,0,-,-,-,-,-,6.1km,-,24.83,20.81,0,4.97,0,-,-,-,-,2.03,-,6.31,0,0,-,-,0.03,100%,84%,0,0,-,-,-
,- - -,Alexey Volkov,Not for Sale,1.19,Jupiler Pro League,-,-,0,-,-,-,-,-,5.5km,-,21.65,14.08,0,5.59,0,-,-,-,-,7.14,-,4.76,0.03,0,-,-,0.03,100%,65%,0,0,-,0.03,-
Wnt,- - -,Marcello Prestia,£700K - £2.1M,0.73,Jupiler Pro League,-,-,0,-,-,-,-,-,5.7km,-,22.3,12.96,0,7.22,0,-,-,-,-,6.47,-,3.23,0,0,-,-,0.1,43%,58%,0,0,-,-,-
,- - -,Danilo Lluka,£13M - £39M,1.85,Jupiler Pro League,-,-,0,-,-,-,-,-,5.9km,-,23.22,12.27,0,5.13,0,-,-,-,-,6.21,-,5.36,0,0,-,-,-,-,53%,0,0,-,-,-
Int,- - -,Chinedu Chidiebere,£1.7M - £5M,1.81,Jupiler Pro League,-,-,0,-,-,-,-,-,5.3km,-,23.1,14.72,0,5.81,0,-,-,-,-,7.32,-,4.15,0,0,-,-,0,0%,64%,0,0,-,-,-
Inj,- - -,Andreas Stolz,£3.3M - £10M,1.74,Jupiler Pro League,-,-,0,-,-,-,-,-,5.7km,-,23.53,18.27,0,5.91,0,-,-,-,-,0.98,-,4,0.08,0,-,-,0.04,25%,78%,0,0,-,0.08,-
,- - -,Murat Kaplan,Not for Sale,1.5,Jupiler Pro League,-,-,0,-,-,-,-,-,5.9km,-,23.56,21.64,0,6.39,0,-,-,-,-,3,-,5.76,0,0,-,-,0,0%,92%,0,0,-,-,-
,- - -,Igor Mayboroda,£10K - £30K,1.36,Belarusian Highest League,-,-,0,-,-,-,-,-,5.0km,-,21.64,8.36,0,6.21,0,-,-,-,-,8.43,-,2.36,0,0,-,-,0.07,50%,39%,0,0,-,-,-
,- - -,Dmitry Eremenko,£6K - £18K,0.82,Belarusian Highest League,-,-,0,-,-,-,-,-,4.6km,-,23.55,14.73,0,5.18,0,-,-,-,-,9.45,-,4.45,0,0,-,-,0.09,100%,63%,0,0,-,-,-
Ret,- - -,Şahin Berk,£6K - £16K,1.79,Belarusian Highest League,-,-,0,-,-,-,-,-,5.9km,-,22.84,17.06,0,6.78,0,-,-,-,-,7.92,-,3.2,0.08,0,-,-,-,-,75%,0,0,-,0.08,-
,- - -,Ivan Puškadija,Not for Sale,1.5,Belarusian Highest League,-,-,0,-,-,-,-,-,5.1km,-,21.88,11.61,0,6.62,0,-,-,-,-,7.96,-,3.17,0,0,-,-,0,0%,53%,0,0,-,-,-
,- - -,Alban Lekaj,Not for Sale,1.61,Belarusian Highest League,-,-,0,-,-,-,-,-,5.1km,-,23.11,12.06,0,5.67,0,-,-,-,-,7.83,-,3.39,0.06,0,-,-,0,0%,52%,0,0,-,0.06,-
,- - -,Vitaliy Krotov,£9K - £28K,1.26,Belarusian Highest League,-,-,0,-,-,-,-,-,5.9km,-,21.44,13.8,0,6.34,0,-,-,-,-,8.6,-,3.68,0,0,-,-,0,0%,64%,0,0,-,-,-
,- - -,Nelson Rodríguez,£60K - £180K,1.8,Belarusian Highest League,-,-,0,-,-,-,-,-,5.5km,-,22.23,15.59,0,5.42,0,-,-,-,-,6.17,-,5.22,0.07,0,-,-,-,-,70%,0,0,-,0.07,-
Wnt,- - -,Kirill Chernyshov,£2K - £6K,1.57,Belarusian Highest League,-,-,0,-,-,-,-,-,4.8km,-,22.57,15.64,0,7.57,0,-,-,-,-,8.21,-,4.43,0,0,-,-,0.07,50%,69%,0,0,-,-,-
,- - -,Fedor Yaskovich,£4.5K - £12K,0.86,Belarusian Highest League,-,-,0,-,-,-,-,-,5.2km,-,22.36,12.21,0,7.86,0,-,-,-,-,7.79,-,3.14,0,0,-,-,0,0%,55%,0,0,-,-,-
,- - -,Pavel Kondratjev,£10K - £30K,1.38,Belarusian Highest League,-,-,0,-,-,-,-,-,5.3km,-,20.46,11.08,0,7,0,-,-,-,-,8.77,-,3.31,0.08,0,-,-,0.08,17%,54%,0,0,-,0.08,-
,- - -,Andrey Ibragimov,£1K - £3K,1.56,Belarusian Highest League,-,-,0,-,-,-,-,-,3.9km,-,20.56,13.75,0,5.81,0,-,-,-,-,8.19,-,4.62,0,0,-,-,-,-,67%,0,0,-,-,-
,- - -,Ilya Ledenev,£6K - £16K,1.58,Belarusian Highest League,-,-,0,-,-,-,-,-,4.5km,-,22.31,11.11,0,6.5,0,-,-,-,-,8.85,-,4.8,0,0,-,-,-,-,50%,0,0,-,-,-
,- - -,Sergey Kravchuk,£50K - £150K,1,Belarusian Highest League,-,-,0,-,-,-,-,-,5.4km,-,21.93,14.38,0,6.52,0,-,-,-,-,8.48,-,3.62,0.1,0,-,-,-,-,66%,0,0,-,0.1,-
Int,- - -,Alexandr Ushakov,Not for Sale,1.21,Belarusian Highest League,-,-,0,-,-,-,-,-,5.7km,-,21.07,12.07,0,6.64,0,-,-,-,-,8.71,-,2.86,0.14,0,-,-,-,-,57%,0,0,-,0.14,-
,- - -,Luis Barion,Not for Sale,1.51,Austrian Premier Division,-,-,0,-,-,-,-,-,6.3km,-,22.5,17.81,0,5.83,0,-,-,-,-,0.56,-,4,0.03,0,-,-,0,0%,79%,0,0,-,0.03,-
Int,- - -,Ilir Azizi,£275K - £850K,1.27,Austrian Premier Division,-,-,0,-,-,-,-,-,5.8km,-,21.93,15.8,0,6.54,0,-,-,-,-,7.16,-,4.3,0.03,0,-,-,0,0%,72%,0,0,-,0.03,-
,- - -,Simon König,£130K - £375K,1.44,Austrian Premier Division,-,-,0,-,-,-,-,-,5.5km,-,21.28,13.9,0,7.87,0,-,-,-,-,8.36,-,3.61,0,0,-,-,0,0%,65%,0,0,-,-,-
Wnt,- - -,Lothar Stoll,£600K - £1.8M,1.46,Austrian Premier Division,-,-,0,-,-,-,-,-,5.5km,-,23.55,16.79,0,4.4,0,-,-,-,-,6.73,-,5.62,0.04,0,-,-,0.04,33%,71%,0,0,-,0.04,-
,- - -,Shai Cohen,£2.5K - £7K,1.44,Austrian Premier Division,-,-,0,-,-,-,-,-,5.5km,-,21.12,10.84,0,8.4,0,-,-,-,-,8.03,-,3.34,0.04,0,-,-,0.04,20%,51%,0,0,-,0.04,-
,- - -,Florian Angerbauer,£95K - £275K,1.14,Austrian Premier Division,-,-,0,-,-,-,-,-,5.7km,-,24.47,16.37,0,6.6,0,-,-,-,-,6.78,-,4.08,0,0,-,-,0.11,60%,67%,0,0,-,-,-
,- - -,Emrah Aydin,£150K - £475K,0.75,Austrian Premier Division,-,-,0,-,-,-,-,-,5.0km,-,22.36,11.86,0,7.57,0,-,-,-,-,8.48,-,3.23,0.05,0,-,-,0,0%,53%,0,0,-,0.05,-
Int,- - -,Maxime Boyer,£10.5M - £31M,2.4,Austrian Premier Division,-,-,0,-,-,-,-,-,6.2km,-,23.87,22,0,6.27,0,-,-,-,-,6.2,-,7.4,0,0,-,-,0,0%,92%,0,0,-,-,-
,- - -,Csaba Haraszti,£1.2M - £3.5M,1.31,Austrian Premier Division,-,-,0,-,-,-,-,-,5.6km,-,21.75,13.01,0,6.23,0,-,-,-,-,7.25,-,4.26,0.03,0,-,-,0.1,43%,60%,0,0,-,0.03,-
,- - -,Philipp Brede,£600K - £1.8M,1.46,Austrian Premier Division,-,-,0,-,-,-,-,-,6.2km,-,22.26,16.65,0,7.96,0,-,-,-,-,6.9,-,4.31,0,0,-,-,0.08,50%,75%,0,0,-,-,-
Inj,- - -,Luka Kralj,£130K - £400K,1.86,Austrian Premier Division,-,-,0,-,-,-,-,-,5.5km,-,22.35,13.73,0,7.02,0,-,-,-,-,7.82,-,5.31,0,0,-,-,0,0%,61%,0,0,-,-,-
,- - -,Paul Ehrentraut,£150K - £425K,0.6,Austrian Premier Division,-,-,0,-,-,-,-,-,5.4km,-,26.16,15.97,0,7.16,0,-,-,-,-,7.66,-,2.39,0,0,-,-,0.04,20%,61%,0,0,-,0.43,-
Int,- - -,Almin Hegic,£3.2M - £9.6M,1.4,Austrian Premier Division,-,-,0,-,-,-,-,-,5.8km,-,25.9,17.48,0,5.89,0,-,-,-,-,8.11,-,3.98,0,0,-,-,0.03,25%,67%,0,0,-,-,-
Ret,- - -,Daniel Baur,£0,1.31,Austrian Premier Division,-,-,0,-,-,-,-,-,4.5km,-,21.76,11.51,0,5.71,0,-,-,-,-,7.73,-,3.78,0,0,-,-,0,0%,53%,0,0,-,-,-
